Release 14.7 - xst P.20131013 (nt64)
Copyright (c) 1995-2013 Xilinx, Inc.  All rights reserved.
--> Parameter TMPDIR set to xst/projnav.tmp


Total REAL time to Xst completion: 0.00 secs
Total CPU time to Xst completion: 0.08 secs
 
--> Parameter xsthdpdir set to xst


Total REAL time to Xst completion: 0.00 secs
Total CPU time to Xst completion: 0.08 secs
 
--> Reading design: top_wrapper.prj

TABLE OF CONTENTS
  1) Synthesis Options Summary
  2) HDL Parsing
  3) HDL Elaboration
  4) HDL Synthesis
       4.1) HDL Synthesis Report
  5) Advanced HDL Synthesis
       5.1) Advanced HDL Synthesis Report
  6) Low Level Synthesis
  7) Partition Report
  8) Design Summary
       8.1) Primitive and Black Box Usage
       8.2) Device utilization summary
       8.3) Partition Resource Summary
       8.4) Timing Report
            8.4.1) Clock Information
            8.4.2) Asynchronous Control Signals Information
            8.4.3) Timing Summary
            8.4.4) Timing Details
            8.4.5) Cross Clock Domains Report


=========================================================================
*                      Synthesis Options Summary                        *
=========================================================================
---- Source Parameters
Input File Name                    : "top_wrapper.prj"
Ignore Synthesis Constraint File   : NO

---- Target Parameters
Output File Name                   : "top_wrapper"
Output Format                      : NGC
Target Device                      : xc6vlx240t-1-ff1156

---- Source Options
Top Module Name                    : top_wrapper
Automatic FSM Extraction           : YES
FSM Encoding Algorithm             : Auto
Safe Implementation                : No
FSM Style                          : LUT
RAM Extraction                     : Yes
RAM Style                          : Auto
ROM Extraction                     : Yes
Shift Register Extraction          : YES
ROM Style                          : Auto
Resource Sharing                   : YES
Asynchronous To Synchronous        : NO
Shift Register Minimum Size        : 2
Use DSP Block                      : Auto
Automatic Register Balancing       : No

---- Target Options
LUT Combining                      : Auto
Reduce Control Sets                : Auto
Add IO Buffers                     : YES
Global Maximum Fanout              : 100000
Add Generic Clock Buffer(BUFG)     : 32
Register Duplication               : YES
Optimize Instantiated Primitives   : NO
Use Clock Enable                   : Auto
Use Synchronous Set                : Auto
Use Synchronous Reset              : Auto
Pack IO Registers into IOBs        : Auto
Equivalent register Removal        : YES

---- General Options
Optimization Goal                  : Speed
Optimization Effort                : 1
Power Reduction                    : NO
Keep Hierarchy                     : Soft
Netlist Hierarchy                  : As_Optimized
RTL Output                         : Yes
Global Optimization                : AllClockNets
Read Cores                         : YES
Write Timing Constraints           : NO
Cross Clock Analysis               : NO
Hierarchy Separator                : /
Bus Delimiter                      : <>
Case Specifier                     : Maintain
Slice Utilization Ratio            : 100
BRAM Utilization Ratio             : 100
DSP48 Utilization Ratio            : 100
Auto BRAM Packing                  : NO
Slice Utilization Ratio Delta      : 5

---- Other Options
Cores Search Directories           : {"ipcore_dir" "C:/Coregen"  }

=========================================================================


=========================================================================
*                          HDL Parsing                                  *
=========================================================================
Analyzing Verilog file "\\vboxsvr\shared\Virtex 6 ISE design\Virtex_6_FP_det\ipcore_dir\clk.v" into library work
Parsing module <clk>.
Analyzing Verilog file "\\vboxsvr\shared\Source files\Veilog\synchronizer.v" into library work
Parsing module <synchronizer>.
Analyzing Verilog file "\\vboxsvr\shared\Source files\Veilog\preamble_detector.v" into library work
Parsing module <preamble_detector>.
Analyzing Verilog file "\\vboxsvr\shared\Source files\Veilog\allignment.v" into library work
Parsing module <allignment>.
Analyzing Verilog file "\\vboxsvr\shared\Source files\Veilog\uart_tx_new.v" into library work
Parsing module <uart_tx>.
Analyzing Verilog file "\\vboxsvr\shared\Source files\Veilog\read_buffer.v" into library work
Parsing module <read_buffer>.
Analyzing Verilog file "\\vboxsvr\shared\Source files\Veilog\link_speed_detector.v" into library work
Parsing module <link_speed_detector>.
Analyzing Verilog file "\\vboxsvr\shared\Source files\Veilog\gen_number_9.v" into library work
Parsing module <gen_number_9>.
Analyzing Verilog file "\\vboxsvr\shared\Source files\Veilog\gen_number_8.v" into library work
Parsing module <gen_number_8>.
Analyzing Verilog file "\\vboxsvr\shared\Source files\Veilog\gen_number_7.v" into library work
Parsing module <gen_number_7>.
Analyzing Verilog file "\\vboxsvr\shared\Source files\Veilog\gen_number_6.v" into library work
Parsing module <gen_number_6>.
Analyzing Verilog file "\\vboxsvr\shared\Source files\Veilog\gen_number_5.v" into library work
Parsing module <gen_number_5>.
Analyzing Verilog file "\\vboxsvr\shared\Source files\Veilog\gen_number_4.v" into library work
Parsing module <gen_number_4>.
Analyzing Verilog file "\\vboxsvr\shared\Source files\Veilog\gen_number_3.v" into library work
Parsing module <gen_number_3>.
Analyzing Verilog file "\\vboxsvr\shared\Source files\Veilog\gen_number_2.v" into library work
Parsing module <gen_number_2>.
Analyzing Verilog file "\\vboxsvr\shared\Source files\Veilog\gen_number_17.v" into library work
Parsing module <gen_number_17>.
Analyzing Verilog file "\\vboxsvr\shared\Source files\Veilog\gen_number_16.v" into library work
Parsing module <gen_number_16>.
Analyzing Verilog file "\\vboxsvr\shared\Source files\Veilog\gen_number_15.v" into library work
Parsing module <gen_number_15>.
Analyzing Verilog file "\\vboxsvr\shared\Source files\Veilog\gen_number_14.v" into library work
Parsing module <gen_number_14>.
Analyzing Verilog file "\\vboxsvr\shared\Source files\Veilog\gen_number_13.v" into library work
Parsing module <gen_number_13>.
Analyzing Verilog file "\\vboxsvr\shared\Source files\Veilog\gen_number_12.v" into library work
Parsing module <gen_number_12>.
Analyzing Verilog file "\\vboxsvr\shared\Source files\Veilog\gen_number_11.v" into library work
Parsing module <gen_number_11>.
Analyzing Verilog file "\\vboxsvr\shared\Source files\Veilog\gen_number_10.v" into library work
Parsing module <gen_number_10>.
Analyzing Verilog file "\\vboxsvr\shared\Source files\Veilog\gen_number_1.v" into library work
Parsing module <gen_number_1>.
Analyzing Verilog file "\\vboxsvr\shared\Source files\Veilog\gen_number_0.v" into library work
Parsing module <gen_number_0>.
Analyzing Verilog file "\\vboxsvr\shared\Source files\Veilog\async_fifo.v" into library work
Parsing module <async_fifo>.
Analyzing Verilog file "\\vboxsvr\shared\Source files\Veilog\accumulator.v" into library work
Parsing module <accumulator>.
Analyzing Verilog file "\\vboxsvr\shared\Source files\Veilog\packet_logging.v" into library work
Parsing module <packet_logging>.
Analyzing Verilog file "\\vboxsvr\shared\Source files\Veilog\mac.v" into library work
Parsing module <mac>.
Analyzing Verilog file "\\vboxsvr\shared\Source files\Veilog\fp_top.v" into library work
Parsing module <fp_top>.
Analyzing Verilog file "\\vboxsvr\shared\Source files\Veilog\top.v" into library work
Parsing module <top>.
Analyzing Verilog file "\\vboxsvr\shared\Source files\Veilog\buffer_packet_logger.v" into library work
Parsing module <buffer_packet_logger>.
Analyzing Verilog file "\\vboxsvr\shared\Source files\Veilog\top_virtix_6.v" into library work
Parsing module <top_wrapper>.

=========================================================================
*                            HDL Elaboration                            *
=========================================================================
WARNING:HDLCompiler:1016 - "\\vboxsvr\shared\Source files\Veilog\top_virtix_6.v" Line 133: Port packet_type is not connected to this instance
WARNING:HDLCompiler:1016 - "\\vboxsvr\shared\Source files\Veilog\top_virtix_6.v" Line 369: Port full is not connected to this instance

Elaborating module <top_wrapper>.

Elaborating module <clk>.

Elaborating module <IBUFGDS>.

Elaborating module <MMCM_ADV(BANDWIDTH="OPTIMIZED",CLKOUT4_CASCADE="FALSE",CLOCK_HOLD="FALSE",COMPENSATION="ZHOLD",STARTUP_WAIT="FALSE",DIVCLK_DIVIDE=1,CLKFBOUT_MULT_F=5.0,CLKFBOUT_PHASE=0.0,CLKFBOUT_USE_FINE_PS="FALSE",CLKOUT0_DIVIDE_F=8.0,CLKOUT0_PHASE=0.0,CLKOUT0_DUTY_CYCLE=0.5,CLKOUT0_USE_FINE_PS="FALSE",CLKOUT1_DIVIDE=5,CLKOUT1_PHASE=0.0,CLKOUT1_DUTY_CYCLE=0.5,CLKOUT1_USE_FINE_PS="FALSE",CLKIN1_PERIOD=5.0,REF_JITTER1=0.01)>.
WARNING:HDLCompiler:1127 - "\\vboxsvr\shared\Virtex 6 ISE design\Virtex_6_FP_det\ipcore_dir\clk.v" Line 135: Assignment to clkfboutb_unused ignored, since the identifier is never used
WARNING:HDLCompiler:1127 - "\\vboxsvr\shared\Virtex 6 ISE design\Virtex_6_FP_det\ipcore_dir\clk.v" Line 137: Assignment to clkout0b_unused ignored, since the identifier is never used
WARNING:HDLCompiler:1127 - "\\vboxsvr\shared\Virtex 6 ISE design\Virtex_6_FP_det\ipcore_dir\clk.v" Line 139: Assignment to clkout1b_unused ignored, since the identifier is never used
WARNING:HDLCompiler:1127 - "\\vboxsvr\shared\Virtex 6 ISE design\Virtex_6_FP_det\ipcore_dir\clk.v" Line 140: Assignment to clkout2_unused ignored, since the identifier is never used
WARNING:HDLCompiler:1127 - "\\vboxsvr\shared\Virtex 6 ISE design\Virtex_6_FP_det\ipcore_dir\clk.v" Line 141: Assignment to clkout2b_unused ignored, since the identifier is never used
WARNING:HDLCompiler:1127 - "\\vboxsvr\shared\Virtex 6 ISE design\Virtex_6_FP_det\ipcore_dir\clk.v" Line 142: Assignment to clkout3_unused ignored, since the identifier is never used
WARNING:HDLCompiler:1127 - "\\vboxsvr\shared\Virtex 6 ISE design\Virtex_6_FP_det\ipcore_dir\clk.v" Line 143: Assignment to clkout3b_unused ignored, since the identifier is never used
WARNING:HDLCompiler:1127 - "\\vboxsvr\shared\Virtex 6 ISE design\Virtex_6_FP_det\ipcore_dir\clk.v" Line 144: Assignment to clkout4_unused ignored, since the identifier is never used
WARNING:HDLCompiler:1127 - "\\vboxsvr\shared\Virtex 6 ISE design\Virtex_6_FP_det\ipcore_dir\clk.v" Line 145: Assignment to clkout5_unused ignored, since the identifier is never used
WARNING:HDLCompiler:1127 - "\\vboxsvr\shared\Virtex 6 ISE design\Virtex_6_FP_det\ipcore_dir\clk.v" Line 146: Assignment to clkout6_unused ignored, since the identifier is never used
WARNING:HDLCompiler:1127 - "\\vboxsvr\shared\Virtex 6 ISE design\Virtex_6_FP_det\ipcore_dir\clk.v" Line 158: Assignment to do_unused ignored, since the identifier is never used
WARNING:HDLCompiler:1127 - "\\vboxsvr\shared\Virtex 6 ISE design\Virtex_6_FP_det\ipcore_dir\clk.v" Line 159: Assignment to drdy_unused ignored, since the identifier is never used
WARNING:HDLCompiler:1127 - "\\vboxsvr\shared\Virtex 6 ISE design\Virtex_6_FP_det\ipcore_dir\clk.v" Line 165: Assignment to psdone_unused ignored, since the identifier is never used
WARNING:HDLCompiler:1127 - "\\vboxsvr\shared\Virtex 6 ISE design\Virtex_6_FP_det\ipcore_dir\clk.v" Line 168: Assignment to clkinstopped_unused ignored, since the identifier is never used
WARNING:HDLCompiler:1127 - "\\vboxsvr\shared\Virtex 6 ISE design\Virtex_6_FP_det\ipcore_dir\clk.v" Line 169: Assignment to clkfbstopped_unused ignored, since the identifier is never used

Elaborating module <BUFG>.
WARNING:HDLCompiler:1127 - "\\vboxsvr\shared\Source files\Veilog\top_virtix_6.v" Line 107: Assignment to rxd_reg ignored, since the identifier is never used
WARNING:HDLCompiler:1016 - "\\vboxsvr\shared\Source files\Veilog\top.v" Line 82: Port packet_type is not connected to this instance

Elaborating module <top>.
WARNING:HDLCompiler:1016 - "\\vboxsvr\shared\Source files\Veilog\mac.v" Line 165: Port state_probe is not connected to this instance
WARNING:HDLCompiler:1016 - "\\vboxsvr\shared\Source files\Veilog\mac.v" Line 184: Port rbin_probe is not connected to this instance
WARNING:HDLCompiler:1016 - "\\vboxsvr\shared\Source files\Veilog\mac.v" Line 216: Port detected is not connected to this instance

Elaborating module <mac>.

Elaborating module <synchronizer(WIDTH=1)>.

Elaborating module <link_speed_detector>.

Elaborating module <synchronizer(WIDTH=32)>.

Elaborating module <accumulator>.

Elaborating module <allignment>.

Elaborating module <async_fifo(DSIZE=10,ASIZE=4)>.
WARNING:HDLCompiler:1127 - "\\vboxsvr\shared\Source files\Veilog\async_fifo.v" Line 148: Assignment to r_iwr2 ignored, since the identifier is never used
WARNING:HDLCompiler:1127 - "\\vboxsvr\shared\Source files\Veilog\mac.v" Line 189: Assignment to full ignored, since the identifier is never used

Elaborating module <read_buffer>.

Elaborating module <preamble_detector>.
WARNING:HDLCompiler:1127 - "\\vboxsvr\shared\Source files\Veilog\read_buffer.v" Line 130: Assignment to accum_preamble ignored, since the identifier is never used
WARNING:HDLCompiler:1127 - "\\vboxsvr\shared\Source files\Veilog\mac.v" Line 249: Assignment to empty_t ignored, since the identifier is never used
WARNING:HDLCompiler:1016 - "\\vboxsvr\shared\Source files\Veilog\fp_top.v" Line 94: Port ip_dst is not connected to this instance
WARNING:HDLCompiler:1016 - "\\vboxsvr\shared\Source files\Veilog\fp_top.v" Line 101: Port ip_dst is not connected to this instance

Elaborating module <fp_top>.

Elaborating module <gen_number_0>.

Elaborating module <gen_number_1>.

Elaborating module <gen_number_2>.

Elaborating module <gen_number_3>.

Elaborating module <gen_number_4>.

Elaborating module <gen_number_5>.

Elaborating module <gen_number_6>.

Elaborating module <gen_number_7>.

Elaborating module <gen_number_8>.

Elaborating module <gen_number_9>.
WARNING:HDLCompiler:189 - "\\vboxsvr\shared\Source files\Veilog\fp_top.v" Line 133: Size mismatch in connection of port <tcp_seq>. Formal port size is 16-bit while actual signal size is 32-bit.

Elaborating module <gen_number_10>.
WARNING:HDLCompiler:189 - "\\vboxsvr\shared\Source files\Veilog\fp_top.v" Line 144: Size mismatch in connection of port <tcp_seq>. Formal port size is 16-bit while actual signal size is 32-bit.

Elaborating module <gen_number_11>.
WARNING:HDLCompiler:189 - "\\vboxsvr\shared\Source files\Veilog\fp_top.v" Line 153: Size mismatch in connection of port <ip_dst>. Formal port size is 16-bit while actual signal size is 32-bit.

Elaborating module <gen_number_12>.
WARNING:HDLCompiler:189 - "\\vboxsvr\shared\Source files\Veilog\fp_top.v" Line 165: Size mismatch in connection of port <ip_dst>. Formal port size is 16-bit while actual signal size is 32-bit.

Elaborating module <gen_number_13>.

Elaborating module <gen_number_14>.
WARNING:HDLCompiler:189 - "\\vboxsvr\shared\Source files\Veilog\fp_top.v" Line 183: Size mismatch in connection of port <ip_dst>. Formal port size is 16-bit while actual signal size is 32-bit.
WARNING:HDLCompiler:189 - "\\vboxsvr\shared\Source files\Veilog\fp_top.v" Line 186: Size mismatch in connection of port <tcp_seq>. Formal port size is 16-bit while actual signal size is 32-bit.

Elaborating module <gen_number_15>.

Elaborating module <gen_number_16>.

Elaborating module <gen_number_17>.
WARNING:HDLCompiler:413 - "\\vboxsvr\shared\Source files\Veilog\fp_top.v" Line 222: Result of 17-bit expression is truncated to fit in 16-bit target.
WARNING:HDLCompiler:413 - "\\vboxsvr\shared\Source files\Veilog\fp_top.v" Line 223: Result of 17-bit expression is truncated to fit in 16-bit target.
WARNING:HDLCompiler:413 - "\\vboxsvr\shared\Source files\Veilog\fp_top.v" Line 224: Result of 17-bit expression is truncated to fit in 16-bit target.
WARNING:HDLCompiler:413 - "\\vboxsvr\shared\Source files\Veilog\fp_top.v" Line 225: Result of 17-bit expression is truncated to fit in 16-bit target.
WARNING:HDLCompiler:413 - "\\vboxsvr\shared\Source files\Veilog\fp_top.v" Line 226: Result of 17-bit expression is truncated to fit in 16-bit target.
WARNING:HDLCompiler:413 - "\\vboxsvr\shared\Source files\Veilog\fp_top.v" Line 227: Result of 17-bit expression is truncated to fit in 16-bit target.
WARNING:HDLCompiler:413 - "\\vboxsvr\shared\Source files\Veilog\fp_top.v" Line 228: Result of 17-bit expression is truncated to fit in 16-bit target.
WARNING:HDLCompiler:413 - "\\vboxsvr\shared\Source files\Veilog\fp_top.v" Line 229: Result of 17-bit expression is truncated to fit in 16-bit target.
WARNING:HDLCompiler:413 - "\\vboxsvr\shared\Source files\Veilog\fp_top.v" Line 230: Result of 17-bit expression is truncated to fit in 16-bit target.
WARNING:HDLCompiler:413 - "\\vboxsvr\shared\Source files\Veilog\fp_top.v" Line 231: Result of 17-bit expression is truncated to fit in 16-bit target.
WARNING:HDLCompiler:413 - "\\vboxsvr\shared\Source files\Veilog\fp_top.v" Line 232: Result of 17-bit expression is truncated to fit in 16-bit target.
WARNING:HDLCompiler:413 - "\\vboxsvr\shared\Source files\Veilog\fp_top.v" Line 233: Result of 17-bit expression is truncated to fit in 16-bit target.
WARNING:HDLCompiler:413 - "\\vboxsvr\shared\Source files\Veilog\fp_top.v" Line 234: Result of 17-bit expression is truncated to fit in 16-bit target.
WARNING:HDLCompiler:413 - "\\vboxsvr\shared\Source files\Veilog\fp_top.v" Line 235: Result of 17-bit expression is truncated to fit in 16-bit target.
WARNING:HDLCompiler:413 - "\\vboxsvr\shared\Source files\Veilog\fp_top.v" Line 236: Result of 17-bit expression is truncated to fit in 16-bit target.
WARNING:HDLCompiler:413 - "\\vboxsvr\shared\Source files\Veilog\fp_top.v" Line 237: Result of 17-bit expression is truncated to fit in 16-bit target.
WARNING:HDLCompiler:413 - "\\vboxsvr\shared\Source files\Veilog\fp_top.v" Line 238: Result of 17-bit expression is truncated to fit in 16-bit target.
WARNING:HDLCompiler:413 - "\\vboxsvr\shared\Source files\Veilog\fp_top.v" Line 239: Result of 17-bit expression is truncated to fit in 16-bit target.
WARNING:HDLCompiler:552 - "\\vboxsvr\shared\Source files\Veilog\fp_top.v" Line 94: Input port ip_dst[31] is not connected on this instance
WARNING:HDLCompiler:552 - "\\vboxsvr\shared\Source files\Veilog\fp_top.v" Line 101: Input port ip_dst[31] is not connected on this instance
WARNING:HDLCompiler:1127 - "\\vboxsvr\shared\Source files\Veilog\top_virtix_6.v" Line 162: Assignment to ip_id ignored, since the identifier is never used
WARNING:HDLCompiler:1127 - "\\vboxsvr\shared\Source files\Veilog\top_virtix_6.v" Line 165: Assignment to tcp_sport ignored, since the identifier is never used
WARNING:HDLCompiler:1127 - "\\vboxsvr\shared\Source files\Veilog\top_virtix_6.v" Line 167: Assignment to tcp_ack ignored, since the identifier is never used
WARNING:HDLCompiler:1127 - "\\vboxsvr\shared\Source files\Veilog\top_virtix_6.v" Line 168: Assignment to tcp_seq ignored, since the identifier is never used
WARNING:HDLCompiler:1127 - "\\vboxsvr\shared\Source files\Veilog\top_virtix_6.v" Line 169: Assignment to tcp_window ignored, since the identifier is never used
WARNING:HDLCompiler:1127 - "\\vboxsvr\shared\Source files\Veilog\top_virtix_6.v" Line 170: Assignment to valid ignored, since the identifier is never used
WARNING:HDLCompiler:1016 - "\\vboxsvr\shared\Source files\Veilog\buffer_packet_logger.v" Line 39: Port state_probe is not connected to this instance
WARNING:HDLCompiler:1016 - "\\vboxsvr\shared\Source files\Veilog\buffer_packet_logger.v" Line 51: Port speed is not connected to this instance

Elaborating module <buffer_packet_logger(DATA_SIZE=455,BYTE_SIZE=57,ADDRESS_SIZE=7)>.
WARNING:HDLCompiler:1016 - "\\vboxsvr\shared\Source files\Veilog\packet_logging.v" Line 32: Port busy is not connected to this instance

Elaborating module <packet_logging(DATA_SIZE=455,BYTE_SIZE=57)>.

Elaborating module <uart_tx>.
WARNING:HDLCompiler:413 - "\\vboxsvr\shared\Source files\Veilog\uart_tx_new.v" Line 51: Result of 17-bit expression is truncated to fit in 16-bit target.
WARNING:HDLCompiler:413 - "\\vboxsvr\shared\Source files\Veilog\uart_tx_new.v" Line 86: Result of 5-bit expression is truncated to fit in 4-bit target.
WARNING:HDLCompiler:413 - "\\vboxsvr\shared\Source files\Veilog\uart_tx_new.v" Line 96: Result of 5-bit expression is truncated to fit in 4-bit target.
WARNING:HDLCompiler:413 - "\\vboxsvr\shared\Source files\Veilog\uart_tx_new.v" Line 102: Result of 4-bit expression is truncated to fit in 3-bit target.
WARNING:HDLCompiler:413 - "\\vboxsvr\shared\Source files\Veilog\uart_tx_new.v" Line 109: Result of 5-bit expression is truncated to fit in 4-bit target.
WARNING:HDLCompiler:413 - "\\vboxsvr\shared\Source files\Veilog\packet_logging.v" Line 74: Result of 10-bit expression is truncated to fit in 9-bit target.
WARNING:HDLCompiler:413 - "\\vboxsvr\shared\Source files\Veilog\packet_logging.v" Line 75: Result of 8-bit expression is truncated to fit in 7-bit target.

Elaborating module <async_fifo(DSIZE=455,ASIZE=7)>.
WARNING:HDLCompiler:1127 - "\\vboxsvr\shared\Source files\Veilog\async_fifo.v" Line 148: Assignment to r_iwr2 ignored, since the identifier is never used
WARNING:HDLCompiler:189 - "\\vboxsvr\shared\Source files\Veilog\buffer_packet_logger.v" Line 55: Size mismatch in connection of port <i_wdata>. Formal port size is 455-bit while actual signal size is 456-bit.
WARNING:HDLCompiler:189 - "\\vboxsvr\shared\Source files\Veilog\buffer_packet_logger.v" Line 60: Size mismatch in connection of port <o_rdata>. Formal port size is 455-bit while actual signal size is 456-bit.
WARNING:HDLCompiler:552 - "\\vboxsvr\shared\Source files\Veilog\buffer_packet_logger.v" Line 51: Input port speed is not connected on this instance

=========================================================================
*                           HDL Synthesis                               *
=========================================================================

Synthesizing Unit <top_wrapper>.
    Related source file is "\\vboxsvr\shared\Source files\Veilog\top_virtix_6.v".
    Set property "KEEP = TRUE" for signal <data_send_buffer<455:24>>.
    Set property "KEEP = TRUE" for signal <data_send_buffer<23:0>>.
WARNING:Xst:647 - Input <phy_link> is never used. This port will be preserved and left unconnected if it belongs to a top-level block or it belongs to a sub-block and the hierarchy of this sub-block is preserved.
WARNING:Xst:647 - Input <CTS> is never used. This port will be preserved and left unconnected if it belongs to a top-level block or it belongs to a sub-block and the hierarchy of this sub-block is preserved.
INFO:Xst:3210 - "\\vboxsvr\shared\Source files\Veilog\top_virtix_6.v" line 79: Output port <CLK_OUT1> of the instance <clk_wiz_inst> is unconnected or connected to loadless signal.
INFO:Xst:3210 - "\\vboxsvr\shared\Source files\Veilog\top_virtix_6.v" line 133: Output port <ip_id> of the instance <inst_top> is unconnected or connected to loadless signal.
INFO:Xst:3210 - "\\vboxsvr\shared\Source files\Veilog\top_virtix_6.v" line 133: Output port <tcp_sport> of the instance <inst_top> is unconnected or connected to loadless signal.
INFO:Xst:3210 - "\\vboxsvr\shared\Source files\Veilog\top_virtix_6.v" line 133: Output port <tcp_ack> of the instance <inst_top> is unconnected or connected to loadless signal.
INFO:Xst:3210 - "\\vboxsvr\shared\Source files\Veilog\top_virtix_6.v" line 133: Output port <tcp_seq> of the instance <inst_top> is unconnected or connected to loadless signal.
INFO:Xst:3210 - "\\vboxsvr\shared\Source files\Veilog\top_virtix_6.v" line 133: Output port <tcp_window> of the instance <inst_top> is unconnected or connected to loadless signal.
INFO:Xst:3210 - "\\vboxsvr\shared\Source files\Veilog\top_virtix_6.v" line 133: Output port <packet_type> of the instance <inst_top> is unconnected or connected to loadless signal.
INFO:Xst:3210 - "\\vboxsvr\shared\Source files\Veilog\top_virtix_6.v" line 133: Output port <version> of the instance <inst_top> is unconnected or connected to loadless signal.
INFO:Xst:3210 - "\\vboxsvr\shared\Source files\Veilog\top_virtix_6.v" line 133: Output port <ihl> of the instance <inst_top> is unconnected or connected to loadless signal.
INFO:Xst:3210 - "\\vboxsvr\shared\Source files\Veilog\top_virtix_6.v" line 133: Output port <tcp_flags> of the instance <inst_top> is unconnected or connected to loadless signal.
INFO:Xst:3210 - "\\vboxsvr\shared\Source files\Veilog\top_virtix_6.v" line 133: Output port <protocol> of the instance <inst_top> is unconnected or connected to loadless signal.
INFO:Xst:3210 - "\\vboxsvr\shared\Source files\Veilog\top_virtix_6.v" line 133: Output port <rdata_probe> of the instance <inst_top> is unconnected or connected to loadless signal.
INFO:Xst:3210 - "\\vboxsvr\shared\Source files\Veilog\top_virtix_6.v" line 133: Output port <accum_data_in_lsb_probe> of the instance <inst_top> is unconnected or connected to loadless signal.
INFO:Xst:3210 - "\\vboxsvr\shared\Source files\Veilog\top_virtix_6.v" line 133: Output port <rbin_probe> of the instance <inst_top> is unconnected or connected to loadless signal.
INFO:Xst:3210 - "\\vboxsvr\shared\Source files\Veilog\top_virtix_6.v" line 133: Output port <wbin_probe> of the instance <inst_top> is unconnected or connected to loadless signal.
INFO:Xst:3210 - "\\vboxsvr\shared\Source files\Veilog\top_virtix_6.v" line 133: Output port <rbin_next_probe> of the instance <inst_top> is unconnected or connected to loadless signal.
INFO:Xst:3210 - "\\vboxsvr\shared\Source files\Veilog\top_virtix_6.v" line 133: Output port <wbin_next_probe> of the instance <inst_top> is unconnected or connected to loadless signal.
INFO:Xst:3210 - "\\vboxsvr\shared\Source files\Veilog\top_virtix_6.v" line 133: Output port <wq1_probe> of the instance <inst_top> is unconnected or connected to loadless signal.
INFO:Xst:3210 - "\\vboxsvr\shared\Source files\Veilog\top_virtix_6.v" line 133: Output port <wq2_probe> of the instance <inst_top> is unconnected or connected to loadless signal.
INFO:Xst:3210 - "\\vboxsvr\shared\Source files\Veilog\top_virtix_6.v" line 133: Output port <rgray_next_probe> of the instance <inst_top> is unconnected or connected to loadless signal.
INFO:Xst:3210 - "\\vboxsvr\shared\Source files\Veilog\top_virtix_6.v" line 133: Output port <buffer_state_probe> of the instance <inst_top> is unconnected or connected to loadless signal.
INFO:Xst:3210 - "\\vboxsvr\shared\Source files\Veilog\top_virtix_6.v" line 133: Output port <counter_probe> of the instance <inst_top> is unconnected or connected to loadless signal.
INFO:Xst:3210 - "\\vboxsvr\shared\Source files\Veilog\top_virtix_6.v" line 133: Output port <buffer_probe> of the instance <inst_top> is unconnected or connected to loadless signal.
INFO:Xst:3210 - "\\vboxsvr\shared\Source files\Veilog\top_virtix_6.v" line 133: Output port <valid> of the instance <inst_top> is unconnected or connected to loadless signal.
INFO:Xst:3210 - "\\vboxsvr\shared\Source files\Veilog\top_virtix_6.v" line 133: Output port <speed_probe> of the instance <inst_top> is unconnected or connected to loadless signal.
INFO:Xst:3210 - "\\vboxsvr\shared\Source files\Veilog\top_virtix_6.v" line 133: Output port <accum_state_probe> of the instance <inst_top> is unconnected or connected to loadless signal.
INFO:Xst:3210 - "\\vboxsvr\shared\Source files\Veilog\top_virtix_6.v" line 373: Output port <rbin_probe> of the instance <buffer_logger_inst> is unconnected or connected to loadless signal.
INFO:Xst:3210 - "\\vboxsvr\shared\Source files\Veilog\top_virtix_6.v" line 373: Output port <wbin_probe> of the instance <buffer_logger_inst> is unconnected or connected to loadless signal.
INFO:Xst:3210 - "\\vboxsvr\shared\Source files\Veilog\top_virtix_6.v" line 373: Output port <state_probe> of the instance <buffer_logger_inst> is unconnected or connected to loadless signal.
INFO:Xst:3210 - "\\vboxsvr\shared\Source files\Veilog\top_virtix_6.v" line 373: Output port <byte_count_probe> of the instance <buffer_logger_inst> is unconnected or connected to loadless signal.
INFO:Xst:3210 - "\\vboxsvr\shared\Source files\Veilog\top_virtix_6.v" line 373: Output port <full> of the instance <buffer_logger_inst> is unconnected or connected to loadless signal.
INFO:Xst:3210 - "\\vboxsvr\shared\Source files\Veilog\top_virtix_6.v" line 373: Output port <uart_start> of the instance <buffer_logger_inst> is unconnected or connected to loadless signal.
INFO:Xst:3210 - "\\vboxsvr\shared\Source files\Veilog\top_virtix_6.v" line 373: Output port <complete> of the instance <buffer_logger_inst> is unconnected or connected to loadless signal.
    Found 16-bit register for signal <fp_num0_buffer>.
    Found 16-bit register for signal <fp_num1_buffer>.
    Found 16-bit register for signal <fp_num2_buffer>.
    Found 16-bit register for signal <fp_num3_buffer>.
    Found 16-bit register for signal <fp_num4_buffer>.
    Found 16-bit register for signal <fp_num5_buffer>.
    Found 16-bit register for signal <fp_num6_buffer>.
    Found 16-bit register for signal <fp_num7_buffer>.
    Found 16-bit register for signal <fp_num8_buffer>.
    Found 16-bit register for signal <fp_num9_buffer>.
    Found 16-bit register for signal <fp_num10_buffer>.
    Found 16-bit register for signal <fp_num11_buffer>.
    Found 16-bit register for signal <fp_num12_buffer>.
    Found 16-bit register for signal <fp_num13_buffer>.
    Found 16-bit register for signal <fp_num14_buffer>.
    Found 16-bit register for signal <fp_num15_buffer>.
    Found 16-bit register for signal <fp_num16_buffer>.
    Found 16-bit register for signal <fp_num17_buffer>.
    Found 104-bit register for signal <fp_send_buffer>.
    Found 1-bit register for signal <transmission_start>.
    Found 1-bit register for signal <fp_det_LED>.
    Found 1-bit register for signal <link_active>.
    Found 16-bit comparator not equal for signal <n0007> created at line 240
    Found 16-bit comparator not equal for signal <n0033> created at line 245
    Found 16-bit comparator not equal for signal <n0059> created at line 250
    Found 16-bit comparator not equal for signal <n0085> created at line 255
    Found 16-bit comparator not equal for signal <n0111> created at line 260
    Found 16-bit comparator not equal for signal <n0137> created at line 265
    Found 16-bit comparator not equal for signal <n0163> created at line 270
    Found 16-bit comparator not equal for signal <n0189> created at line 275
    Found 16-bit comparator not equal for signal <n0215> created at line 280
    Found 16-bit comparator not equal for signal <n0241> created at line 285
    Found 16-bit comparator not equal for signal <n0267> created at line 290
    Found 16-bit comparator not equal for signal <n0293> created at line 295
    Found 16-bit comparator not equal for signal <n0319> created at line 300
    Found 16-bit comparator not equal for signal <n0345> created at line 305
    Found 16-bit comparator not equal for signal <n0371> created at line 310
    Found 16-bit comparator not equal for signal <n0397> created at line 315
    Found 16-bit comparator not equal for signal <n0423> created at line 320
    Found 16-bit comparator not equal for signal <n0449> created at line 325
INFO:Xst:2774 - HDL ADVISOR - KEEP property attached to signal data_send_buffer<455:24> may hinder XST clustering optimizations.
    Summary:
	inferred 395 D-type flip-flop(s).
	inferred  18 Comparator(s).
	inferred 432 Multiplexer(s).
Unit <top_wrapper> synthesized.

Synthesizing Unit <clk>.
    Related source file is "\\vboxsvr\shared\Virtex 6 ISE design\Virtex_6_FP_det\ipcore_dir\clk.v".
    Summary:
	no macro.
Unit <clk> synthesized.

Synthesizing Unit <top>.
    Related source file is "\\vboxsvr\shared\Source files\Veilog\top.v".
INFO:Xst:3210 - "\\vboxsvr\shared\Source files\Veilog\top.v" line 82: Output port <packet_type> of the instance <inst_mac> is unconnected or connected to loadless signal.
INFO:Xst:3210 - "\\vboxsvr\shared\Source files\Veilog\top.v" line 82: Output port <version> of the instance <inst_mac> is unconnected or connected to loadless signal.
INFO:Xst:3210 - "\\vboxsvr\shared\Source files\Veilog\top.v" line 82: Output port <ihl> of the instance <inst_mac> is unconnected or connected to loadless signal.
INFO:Xst:3210 - "\\vboxsvr\shared\Source files\Veilog\top.v" line 82: Output port <tcp_flags> of the instance <inst_mac> is unconnected or connected to loadless signal.
INFO:Xst:3210 - "\\vboxsvr\shared\Source files\Veilog\top.v" line 82: Output port <protocol> of the instance <inst_mac> is unconnected or connected to loadless signal.
INFO:Xst:3210 - "\\vboxsvr\shared\Source files\Veilog\top.v" line 82: Output port <rdata_probe> of the instance <inst_mac> is unconnected or connected to loadless signal.
INFO:Xst:3210 - "\\vboxsvr\shared\Source files\Veilog\top.v" line 82: Output port <accum_data_in_lsb_probe> of the instance <inst_mac> is unconnected or connected to loadless signal.
INFO:Xst:3210 - "\\vboxsvr\shared\Source files\Veilog\top.v" line 82: Output port <rbin_probe> of the instance <inst_mac> is unconnected or connected to loadless signal.
INFO:Xst:3210 - "\\vboxsvr\shared\Source files\Veilog\top.v" line 82: Output port <wbin_probe> of the instance <inst_mac> is unconnected or connected to loadless signal.
INFO:Xst:3210 - "\\vboxsvr\shared\Source files\Veilog\top.v" line 82: Output port <rbin_next_probe> of the instance <inst_mac> is unconnected or connected to loadless signal.
INFO:Xst:3210 - "\\vboxsvr\shared\Source files\Veilog\top.v" line 82: Output port <wbin_next_probe> of the instance <inst_mac> is unconnected or connected to loadless signal.
INFO:Xst:3210 - "\\vboxsvr\shared\Source files\Veilog\top.v" line 82: Output port <wq1_probe> of the instance <inst_mac> is unconnected or connected to loadless signal.
INFO:Xst:3210 - "\\vboxsvr\shared\Source files\Veilog\top.v" line 82: Output port <wq2_probe> of the instance <inst_mac> is unconnected or connected to loadless signal.
INFO:Xst:3210 - "\\vboxsvr\shared\Source files\Veilog\top.v" line 82: Output port <rgray_next_probe> of the instance <inst_mac> is unconnected or connected to loadless signal.
INFO:Xst:3210 - "\\vboxsvr\shared\Source files\Veilog\top.v" line 82: Output port <buffer_state_probe> of the instance <inst_mac> is unconnected or connected to loadless signal.
INFO:Xst:3210 - "\\vboxsvr\shared\Source files\Veilog\top.v" line 82: Output port <counter_probe> of the instance <inst_mac> is unconnected or connected to loadless signal.
INFO:Xst:3210 - "\\vboxsvr\shared\Source files\Veilog\top.v" line 82: Output port <buffer_probe> of the instance <inst_mac> is unconnected or connected to loadless signal.
INFO:Xst:3210 - "\\vboxsvr\shared\Source files\Veilog\top.v" line 82: Output port <speed_probe> of the instance <inst_mac> is unconnected or connected to loadless signal.
INFO:Xst:3210 - "\\vboxsvr\shared\Source files\Veilog\top.v" line 82: Output port <ready_probe> of the instance <inst_mac> is unconnected or connected to loadless signal.
INFO:Xst:3210 - "\\vboxsvr\shared\Source files\Veilog\top.v" line 82: Output port <accum_state_probe> of the instance <inst_mac> is unconnected or connected to loadless signal.
WARNING:Xst:653 - Signal <packet_type> is used but never assigned. This sourceless signal will be automatically connected to value GND.
WARNING:Xst:653 - Signal <version> is used but never assigned. This sourceless signal will be automatically connected to value GND.
WARNING:Xst:653 - Signal <ihl> is used but never assigned. This sourceless signal will be automatically connected to value GND.
WARNING:Xst:653 - Signal <tcp_flags> is used but never assigned. This sourceless signal will be automatically connected to value GND.
WARNING:Xst:653 - Signal <protocol> is used but never assigned. This sourceless signal will be automatically connected to value GND.
WARNING:Xst:653 - Signal <rdata_probe> is used but never assigned. This sourceless signal will be automatically connected to value GND.
WARNING:Xst:653 - Signal <accum_data_in_lsb_probe> is used but never assigned. This sourceless signal will be automatically connected to value GND.
WARNING:Xst:653 - Signal <rbin_probe> is used but never assigned. This sourceless signal will be automatically connected to value GND.
WARNING:Xst:653 - Signal <wbin_probe> is used but never assigned. This sourceless signal will be automatically connected to value GND.
WARNING:Xst:653 - Signal <rbin_next_probe> is used but never assigned. This sourceless signal will be automatically connected to value GND.
WARNING:Xst:653 - Signal <wbin_next_probe> is used but never assigned. This sourceless signal will be automatically connected to value GND.
WARNING:Xst:653 - Signal <wq1_probe> is used but never assigned. This sourceless signal will be automatically connected to value GND.
WARNING:Xst:653 - Signal <wq2_probe> is used but never assigned. This sourceless signal will be automatically connected to value GND.
WARNING:Xst:653 - Signal <rgray_next_probe> is used but never assigned. This sourceless signal will be automatically connected to value GND.
WARNING:Xst:653 - Signal <buffer_state_probe> is used but never assigned. This sourceless signal will be automatically connected to value GND.
WARNING:Xst:653 - Signal <counter_probe> is used but never assigned. This sourceless signal will be automatically connected to value GND.
WARNING:Xst:653 - Signal <buffer_probe> is used but never assigned. This sourceless signal will be automatically connected to value GND.
WARNING:Xst:653 - Signal <speed_probe> is used but never assigned. This sourceless signal will be automatically connected to value GND.
WARNING:Xst:653 - Signal <accum_state_probe> is used but never assigned. This sourceless signal will be automatically connected to value GND.
    Summary:
	no macro.
Unit <top> synthesized.

Synthesizing Unit <mac>.
    Related source file is "\\vboxsvr\shared\Source files\Veilog\mac.v".
WARNING:Xst:647 - Input <crs> is never used. This port will be preserved and left unconnected if it belongs to a top-level block or it belongs to a sub-block and the hierarchy of this sub-block is preserved.
WARNING:Xst:647 - Input <col> is never used. This port will be preserved and left unconnected if it belongs to a top-level block or it belongs to a sub-block and the hierarchy of this sub-block is preserved.
WARNING:Xst:647 - Input <tx_clk> is never used. This port will be preserved and left unconnected if it belongs to a top-level block or it belongs to a sub-block and the hierarchy of this sub-block is preserved.
INFO:Xst:3210 - "\\vboxsvr\shared\Source files\Veilog\mac.v" line 165: Output port <data_in_lsb_probe> of the instance <inst_accumulator> is unconnected or connected to loadless signal.
INFO:Xst:3210 - "\\vboxsvr\shared\Source files\Veilog\mac.v" line 165: Output port <state_probe> of the instance <inst_accumulator> is unconnected or connected to loadless signal.
INFO:Xst:3210 - "\\vboxsvr\shared\Source files\Veilog\mac.v" line 184: Output port <rbin_probe> of the instance <inst_async_fifo> is unconnected or connected to loadless signal.
INFO:Xst:3210 - "\\vboxsvr\shared\Source files\Veilog\mac.v" line 184: Output port <wbin_probe> of the instance <inst_async_fifo> is unconnected or connected to loadless signal.
INFO:Xst:3210 - "\\vboxsvr\shared\Source files\Veilog\mac.v" line 184: Output port <rbin_next_probe> of the instance <inst_async_fifo> is unconnected or connected to loadless signal.
INFO:Xst:3210 - "\\vboxsvr\shared\Source files\Veilog\mac.v" line 184: Output port <wbin_next_probe> of the instance <inst_async_fifo> is unconnected or connected to loadless signal.
INFO:Xst:3210 - "\\vboxsvr\shared\Source files\Veilog\mac.v" line 184: Output port <wq1_probe> of the instance <inst_async_fifo> is unconnected or connected to loadless signal.
INFO:Xst:3210 - "\\vboxsvr\shared\Source files\Veilog\mac.v" line 184: Output port <wq2_probe> of the instance <inst_async_fifo> is unconnected or connected to loadless signal.
INFO:Xst:3210 - "\\vboxsvr\shared\Source files\Veilog\mac.v" line 184: Output port <rgray_next_probe> of the instance <inst_async_fifo> is unconnected or connected to loadless signal.
INFO:Xst:3210 - "\\vboxsvr\shared\Source files\Veilog\mac.v" line 184: Output port <write_probe> of the instance <inst_async_fifo> is unconnected or connected to loadless signal.
INFO:Xst:3210 - "\\vboxsvr\shared\Source files\Veilog\mac.v" line 184: Output port <o_wfull> of the instance <inst_async_fifo> is unconnected or connected to loadless signal.
INFO:Xst:3210 - "\\vboxsvr\shared\Source files\Veilog\mac.v" line 216: Output port <packet_type> of the instance <inst_read_buffer> is unconnected or connected to loadless signal.
INFO:Xst:3210 - "\\vboxsvr\shared\Source files\Veilog\mac.v" line 216: Output port <version> of the instance <inst_read_buffer> is unconnected or connected to loadless signal.
INFO:Xst:3210 - "\\vboxsvr\shared\Source files\Veilog\mac.v" line 216: Output port <ihl> of the instance <inst_read_buffer> is unconnected or connected to loadless signal.
INFO:Xst:3210 - "\\vboxsvr\shared\Source files\Veilog\mac.v" line 216: Output port <tcp_flags> of the instance <inst_read_buffer> is unconnected or connected to loadless signal.
INFO:Xst:3210 - "\\vboxsvr\shared\Source files\Veilog\mac.v" line 216: Output port <protocol> of the instance <inst_read_buffer> is unconnected or connected to loadless signal.
INFO:Xst:3210 - "\\vboxsvr\shared\Source files\Veilog\mac.v" line 216: Output port <pipe_rxd> of the instance <inst_read_buffer> is unconnected or connected to loadless signal.
INFO:Xst:3210 - "\\vboxsvr\shared\Source files\Veilog\mac.v" line 216: Output port <state_probe> of the instance <inst_read_buffer> is unconnected or connected to loadless signal.
INFO:Xst:3210 - "\\vboxsvr\shared\Source files\Veilog\mac.v" line 216: Output port <buffer_probe> of the instance <inst_read_buffer> is unconnected or connected to loadless signal.
INFO:Xst:3210 - "\\vboxsvr\shared\Source files\Veilog\mac.v" line 216: Output port <counter_probe> of the instance <inst_read_buffer> is unconnected or connected to loadless signal.
INFO:Xst:3210 - "\\vboxsvr\shared\Source files\Veilog\mac.v" line 216: Output port <detected> of the instance <inst_read_buffer> is unconnected or connected to loadless signal.
INFO:Xst:3210 - "\\vboxsvr\shared\Source files\Veilog\mac.v" line 216: Output port <pipe_rx_dv> of the instance <inst_read_buffer> is unconnected or connected to loadless signal.
INFO:Xst:3210 - "\\vboxsvr\shared\Source files\Veilog\mac.v" line 216: Output port <pipe_rx_er> of the instance <inst_read_buffer> is unconnected or connected to loadless signal.
INFO:Xst:3210 - "\\vboxsvr\shared\Source files\Veilog\mac.v" line 216: Output port <pipe_empty> of the instance <inst_read_buffer> is unconnected or connected to loadless signal.
WARNING:Xst:653 - Signal <packet_type> is used but never assigned. This sourceless signal will be automatically connected to value GND.
WARNING:Xst:653 - Signal <version> is used but never assigned. This sourceless signal will be automatically connected to value GND.
WARNING:Xst:653 - Signal <ihl> is used but never assigned. This sourceless signal will be automatically connected to value GND.
WARNING:Xst:653 - Signal <tcp_flags> is used but never assigned. This sourceless signal will be automatically connected to value GND.
WARNING:Xst:653 - Signal <protocol> is used but never assigned. This sourceless signal will be automatically connected to value GND.
WARNING:Xst:653 - Signal <rdata_probe> is used but never assigned. This sourceless signal will be automatically connected to value GND.
WARNING:Xst:653 - Signal <accum_data_in_lsb_probe> is used but never assigned. This sourceless signal will be automatically connected to value GND.
WARNING:Xst:653 - Signal <rbin_probe> is used but never assigned. This sourceless signal will be automatically connected to value GND.
WARNING:Xst:653 - Signal <wbin_probe> is used but never assigned. This sourceless signal will be automatically connected to value GND.
WARNING:Xst:653 - Signal <rbin_next_probe> is used but never assigned. This sourceless signal will be automatically connected to value GND.
WARNING:Xst:653 - Signal <wbin_next_probe> is used but never assigned. This sourceless signal will be automatically connected to value GND.
WARNING:Xst:653 - Signal <wq1_probe> is used but never assigned. This sourceless signal will be automatically connected to value GND.
WARNING:Xst:653 - Signal <wq2_probe> is used but never assigned. This sourceless signal will be automatically connected to value GND.
WARNING:Xst:653 - Signal <rgray_next_probe> is used but never assigned. This sourceless signal will be automatically connected to value GND.
WARNING:Xst:653 - Signal <buffer_state_probe> is used but never assigned. This sourceless signal will be automatically connected to value GND.
WARNING:Xst:653 - Signal <counter_probe> is used but never assigned. This sourceless signal will be automatically connected to value GND.
WARNING:Xst:653 - Signal <buffer_probe> is used but never assigned. This sourceless signal will be automatically connected to value GND.
WARNING:Xst:653 - Signal <accum_state_probe> is used but never assigned. This sourceless signal will be automatically connected to value GND.
    Found 3-bit register for signal <state>.
    Found 1-bit register for signal <link_speed_reset>.
    Found 1-bit register for signal <async_accum_reset>.
    Found 1-bit register for signal <async_accumlate>.
    Found 1-bit register for signal <read_buffer_reset>.
    Found finite state machine <FSM_0> for signal <state>.
    -----------------------------------------------------------------------
    | States             | 3                                              |
    | Transitions        | 7                                              |
    | Inputs             | 2                                              |
    | Outputs            | 5                                              |
    | Clock              | clk (rising_edge)                              |
    | Reset              | rst_n (negative)                               |
    | Reset type         | asynchronous                                   |
    | Reset State        | 000                                            |
    | Encoding           | auto                                           |
    | Implementation     | LUT                                            |
    -----------------------------------------------------------------------
    Summary:
	inferred   4 D-type flip-flop(s).
	inferred   1 Finite State Machine(s).
Unit <mac> synthesized.

Synthesizing Unit <synchronizer_1>.
    Related source file is "\\vboxsvr\shared\Source files\Veilog\synchronizer.v".
        WIDTH = 1
    Found 1-bit register for signal <sync_out>.
    Found 1-bit register for signal <middle_reg>.
    Summary:
	inferred   2 D-type flip-flop(s).
Unit <synchronizer_1> synthesized.

Synthesizing Unit <link_speed_detector>.
    Related source file is "\\vboxsvr\shared\Source files\Veilog\link_speed_detector.v".
    Found 32-bit register for signal <ref_counter>.
    Found 32-bit register for signal <det_counter>.
    Found 1-bit register for signal <async_reset>.
    Found 1-bit register for signal <speed>.
    Found 1-bit register for signal <ready>.
    Found 1-bit register for signal <condition2>.
    Found 1-bit register for signal <condition3>.
    Found 1-bit register for signal <condition4>.
    Found 32-bit register for signal <syn_counter_q>.
    Found 1-bit register for signal <condition1>.
    Found 32-bit adder for signal <ref_counter[31]_GND_9_o_add_11_OUT> created at line 62.
    Found 32-bit adder for signal <det_counter[31]_GND_9_o_add_17_OUT> created at line 84.
    Found 32-bit comparator greater for signal <GND_9_o_syn_counter_q[31]_LessThan_2_o> created at line 25
    Found 32-bit comparator lessequal for signal <n0002> created at line 32
    Found 32-bit comparator lessequal for signal <n0004> created at line 32
    Found 32-bit comparator lessequal for signal <n0008> created at line 39
    Found 32-bit comparator lessequal for signal <n0010> created at line 39
    Found 32-bit comparator greater for signal <GND_9_o_ref_counter[31]_LessThan_10_o> created at line 46
    Summary:
	inferred   2 Adder/Subtractor(s).
	inferred 103 D-type flip-flop(s).
	inferred   6 Comparator(s).
	inferred   5 Multiplexer(s).
Unit <link_speed_detector> synthesized.

Synthesizing Unit <synchronizer_2>.
    Related source file is "\\vboxsvr\shared\Source files\Veilog\synchronizer.v".
        WIDTH = 32
    Found 32-bit register for signal <sync_out>.
    Found 32-bit register for signal <middle_reg>.
    Summary:
	inferred  64 D-type flip-flop(s).
Unit <synchronizer_2> synthesized.

Synthesizing Unit <accumulator>.
    Related source file is "\\vboxsvr\shared\Source files\Veilog\accumulator.v".
    Found 8-bit register for signal <data_out>.
    Found 1-bit register for signal <wen_next>.
    Found 1-bit register for signal <counter>.
    Found 1-bit register for signal <inter_error>.
    Found 1-bit register for signal <inter_valid>.
    Found 1-bit register for signal <out_error>.
    Found 1-bit register for signal <out_valid>.
    Found 1-bit register for signal <state>.
    Found 4-bit register for signal <lower_nibble>.
    Summary:
	inferred  19 D-type flip-flop(s).
	inferred   7 Multiplexer(s).
Unit <accumulator> synthesized.

Synthesizing Unit <allignment>.
    Related source file is "\\vboxsvr\shared\Source files\Veilog\allignment.v".
    Found 4-bit register for signal <preamble2>.
    Found 4-bit register for signal <preamble3>.
    Found 4-bit register for signal <preamble4>.
    Found 4-bit register for signal <preamble5>.
    Found 4-bit register for signal <preamble6>.
    Found 4-bit register for signal <preamble7>.
    Found 4-bit register for signal <preamble8>.
    Found 4-bit register for signal <preamble9>.
    Found 4-bit register for signal <preamble10>.
    Found 4-bit register for signal <preamble11>.
    Found 4-bit register for signal <preamble12>.
    Found 4-bit register for signal <preamble13>.
    Found 4-bit register for signal <preamble14>.
    Found 4-bit register for signal <preamble15>.
    Found 4-bit register for signal <preamble1>.
    Summary:
	inferred  60 D-type flip-flop(s).
	inferred   1 Multiplexer(s).
Unit <allignment> synthesized.

Synthesizing Unit <async_fifo_1>.
    Related source file is "\\vboxsvr\shared\Source files\Veilog\async_fifo.v".
        DSIZE = 10
        ASIZE = 4
WARNING:Xst:647 - Input <speed> is never used. This port will be preserved and left unconnected if it belongs to a top-level block or it belongs to a sub-block and the hierarchy of this sub-block is preserved.
WARNING:Xst:653 - Signal <rbin_probe> is used but never assigned. This sourceless signal will be automatically connected to value GND.
WARNING:Xst:653 - Signal <wbin_probe> is used but never assigned. This sourceless signal will be automatically connected to value GND.
WARNING:Xst:653 - Signal <rbin_next_probe> is used but never assigned. This sourceless signal will be automatically connected to value GND.
WARNING:Xst:653 - Signal <wbin_next_probe> is used but never assigned. This sourceless signal will be automatically connected to value GND.
WARNING:Xst:653 - Signal <wq1_probe> is used but never assigned. This sourceless signal will be automatically connected to value GND.
WARNING:Xst:653 - Signal <wq2_probe> is used but never assigned. This sourceless signal will be automatically connected to value GND.
WARNING:Xst:653 - Signal <rgray_next_probe> is used but never assigned. This sourceless signal will be automatically connected to value GND.
    Found 16x10-bit dual-port RAM <Mram_mem> for signal <mem>.
    Found 1-bit register for signal <o_rempty>.
    Found 1-bit register for signal <o_wfull>.
    Found 5-bit register for signal <wq2_rgray>.
    Found 5-bit register for signal <wgray>.
    Found 5-bit register for signal <wbin>.
    Found 5-bit register for signal <wq1_rgray>.
    Found 5-bit register for signal <rq1_wgray>.
    Found 5-bit register for signal <rq2_wgray>.
    Found 5-bit register for signal <rgray>.
    Found 5-bit register for signal <rbin>.
    Found 10-bit register for signal <write_probe>.
    Found 5-bit adder for signal <wbinnext> created at line 70.
    Found 5-bit adder for signal <rbinnext> created at line 118.
    Found 5-bit comparator equal for signal <wfull_next> created at line 86
    Found 5-bit comparator equal for signal <rempty_next> created at line 135
    Summary:
	inferred   1 RAM(s).
	inferred   2 Adder/Subtractor(s).
	inferred  52 D-type flip-flop(s).
	inferred   2 Comparator(s).
Unit <async_fifo_1> synthesized.

Synthesizing Unit <read_buffer>.
    Related source file is "\\vboxsvr\shared\Source files\Veilog\read_buffer.v".
WARNING:Xst:647 - Input <extern_preamble> is never used. This port will be preserved and left unconnected if it belongs to a top-level block or it belongs to a sub-block and the hierarchy of this sub-block is preserved.
    Found 2-bit register for signal <current_state>.
    Found 11-bit register for signal <counter>.
    Found 8-bit register for signal <eth_count>.
    Found 8-bit register for signal <ip_count>.
    Found 8-bit register for signal <tcp_count>.
    Found 8-bit register for signal <buffer_probe>.
    Found 432-bit register for signal <packet_reg>.
    Found 1-bit register for signal <pipe_rx_dv>.
    Found 1-bit register for signal <pipe_rx_er>.
    Found 1-bit register for signal <pipe_empty>.
    Found 8-bit register for signal <pipe2_rxd>.
    Found 1-bit register for signal <pipe2_rx_dv>.
    Found 1-bit register for signal <pipe2_rx_er>.
    Found 1-bit register for signal <pipe2_empty>.
    Found 8-bit register for signal <pipe3_rxd>.
    Found 1-bit register for signal <pipe3_rx_dv>.
    Found 1-bit register for signal <pipe3_rx_er>.
    Found 1-bit register for signal <pipe3_empty>.
    Found 8-bit register for signal <pipe4_rxd>.
    Found 1-bit register for signal <pipe4_rx_dv>.
    Found 1-bit register for signal <pipe4_rx_er>.
    Found 1-bit register for signal <pipe4_empty>.
    Found 1-bit register for signal <pipe_detected>.
    Found 112-bit register for signal <n0276[111:0]>.
    Found 160-bit register for signal <n0277[159:0]>.
    Found 160-bit register for signal <n0278[159:0]>.
    Found 1-bit register for signal <process_1_delayed>.
    Found 1-bit register for signal <process_2_delayed>.
    Found 16-bit register for signal <packet_type>.
    Found 4-bit register for signal <ihl>.
    Found 4-bit register for signal <version>.
    Found 16-bit register for signal <ip_id>.
    Found 8-bit register for signal <protocol>.
    Found 32-bit register for signal <ip_dst>.
    Found 32-bit register for signal <ip_src>.
    Found 16-bit register for signal <tcp_src>.
    Found 16-bit register for signal <tcp_dst>.
    Found 32-bit register for signal <tcp_seq>.
    Found 32-bit register for signal <tcp_ack>.
    Found 8-bit register for signal <tcp_flags>.
    Found 16-bit register for signal <tcp_window>.
    Found 432-bit register for signal <packet>.
    Found 8-bit register for signal <pipe_rxd>.
    Found finite state machine <FSM_1> for signal <current_state>.
    -----------------------------------------------------------------------
    | States             | 4                                              |
    | Transitions        | 10                                             |
    | Inputs             | 3                                              |
    | Outputs            | 6                                              |
    | Clock              | clk (rising_edge)                              |
    | Reset              | rst_n (negative)                               |
    | Reset type         | asynchronous                                   |
    | Reset State        | 00                                             |
    | Encoding           | auto                                           |
    | Implementation     | LUT                                            |
    -----------------------------------------------------------------------
    Found 11-bit adder for signal <counter[10]_GND_15_o_add_28_OUT> created at line 186.
    Found 8-bit adder for signal <eth_count[7]_GND_15_o_add_35_OUT> created at line 217.
    Found 8-bit adder for signal <ip_count[7]_GND_15_o_add_58_OUT> created at line 223.
    Found 8-bit adder for signal <tcp_count[7]_GND_15_o_add_87_OUT> created at line 228.
    Found 11-bit comparator greater for signal <n0037> created at line 213
    Found 8-bit comparator lessequal for signal <n0042> created at line 220
    Found 11-bit comparator greater for signal <n0075> created at line 222
    Found 8-bit comparator lessequal for signal <n0080> created at line 225
    Found 11-bit comparator lessequal for signal <n0125> created at line 227
    Found 8-bit comparator lessequal for signal <n0130> created at line 229
    Summary:
	inferred   4 Adder/Subtractor(s).
	inferred 1618 D-type flip-flop(s).
	inferred   6 Comparator(s).
	inferred  61 Multiplexer(s).
	inferred   1 Finite State Machine(s).
Unit <read_buffer> synthesized.

Synthesizing Unit <preamble_detector>.
    Related source file is "\\vboxsvr\shared\Source files\Veilog\preamble_detector.v".
    Found 8-bit register for signal <preamble2>.
    Found 8-bit register for signal <preamble3>.
    Found 8-bit register for signal <preamble4>.
    Found 8-bit register for signal <preamble5>.
    Found 8-bit register for signal <preamble6>.
    Found 8-bit register for signal <preamble7>.
    Found 8-bit register for signal <preamble8>.
    Found 8-bit register for signal <preamble1>.
    Found 1-bit register for signal <detected>.
    Summary:
	inferred  65 D-type flip-flop(s).
	inferred   1 Multiplexer(s).
Unit <preamble_detector> synthesized.

Synthesizing Unit <fp_top>.
    Related source file is "\\vboxsvr\shared\Source files\Veilog\fp_top.v".
WARNING:Xst:2898 - Port 'ip_dst', unconnected in block instance 'inst_gen_number_5', is tied to GND.
WARNING:Xst:2898 - Port 'ip_dst', unconnected in block instance 'inst_gen_number_6', is tied to GND.
    Found 16-bit register for signal <fp_num1>.
    Found 16-bit register for signal <fp_num2>.
    Found 16-bit register for signal <fp_num3>.
    Found 16-bit register for signal <fp_num4>.
    Found 16-bit register for signal <fp_num5>.
    Found 16-bit register for signal <fp_num6>.
    Found 16-bit register for signal <fp_num7>.
    Found 16-bit register for signal <fp_num8>.
    Found 16-bit register for signal <fp_num9>.
    Found 16-bit register for signal <fp_num10>.
    Found 16-bit register for signal <fp_num11>.
    Found 16-bit register for signal <fp_num12>.
    Found 16-bit register for signal <fp_num13>.
    Found 16-bit register for signal <fp_num14>.
    Found 16-bit register for signal <fp_num15>.
    Found 16-bit register for signal <fp_num16>.
    Found 16-bit register for signal <fp_num17>.
    Found 1-bit register for signal <fp_det>.
    Found 16-bit register for signal <fp_num0>.
    Found 16-bit adder for signal <fp_num0[15]_GND_17_o_add_2_OUT> created at line 222.
    Found 16-bit adder for signal <fp_num1[15]_GND_17_o_add_4_OUT> created at line 223.
    Found 16-bit adder for signal <fp_num2[15]_GND_17_o_add_6_OUT> created at line 224.
    Found 16-bit adder for signal <fp_num3[15]_GND_17_o_add_8_OUT> created at line 225.
    Found 16-bit adder for signal <fp_num4[15]_GND_17_o_add_10_OUT> created at line 226.
    Found 16-bit adder for signal <fp_num5[15]_GND_17_o_add_12_OUT> created at line 227.
    Found 16-bit adder for signal <fp_num6[15]_GND_17_o_add_14_OUT> created at line 228.
    Found 16-bit adder for signal <fp_num7[15]_GND_17_o_add_16_OUT> created at line 229.
    Found 16-bit adder for signal <fp_num8[15]_GND_17_o_add_18_OUT> created at line 230.
    Found 16-bit adder for signal <fp_num9[15]_GND_17_o_add_20_OUT> created at line 231.
    Found 16-bit adder for signal <fp_num10[15]_GND_17_o_add_22_OUT> created at line 232.
    Found 16-bit adder for signal <fp_num11[15]_GND_17_o_add_24_OUT> created at line 233.
    Found 16-bit adder for signal <fp_num12[15]_GND_17_o_add_26_OUT> created at line 234.
    Found 16-bit adder for signal <fp_num13[15]_GND_17_o_add_28_OUT> created at line 235.
    Found 16-bit adder for signal <fp_num14[15]_GND_17_o_add_30_OUT> created at line 236.
    Found 16-bit adder for signal <fp_num15[15]_GND_17_o_add_32_OUT> created at line 237.
    Found 16-bit adder for signal <fp_num16[15]_GND_17_o_add_34_OUT> created at line 238.
    Found 16-bit adder for signal <fp_num17[15]_GND_17_o_add_36_OUT> created at line 239.
    Summary:
	inferred  18 Adder/Subtractor(s).
	inferred 289 D-type flip-flop(s).
Unit <fp_top> synthesized.

Synthesizing Unit <gen_number_0>.
    Related source file is "\\vboxsvr\shared\Source files\Veilog\gen_number_0.v".
    Found 32-bit register for signal <tcp_seq_f>.
    Found 1-bit register for signal <valid_f>.
    Found 1-bit register for signal <fp_detected>.
    Found 32-bit register for signal <ip_dst_f>.
    Summary:
	inferred  66 D-type flip-flop(s).
Unit <gen_number_0> synthesized.

Synthesizing Unit <gen_number_1>.
    Related source file is "\\vboxsvr\shared\Source files\Veilog\gen_number_1.v".
    Found 1-bit register for signal <valid_f>.
    Found 1-bit register for signal <fp_detected>.
    Found 16-bit register for signal <tcp_window_f>.
    Summary:
	inferred  18 D-type flip-flop(s).
Unit <gen_number_1> synthesized.

Synthesizing Unit <gen_number_2>.
    Related source file is "\\vboxsvr\shared\Source files\Veilog\gen_number_2.v".
    Found 1-bit register for signal <valid_f>.
    Found 1-bit register for signal <fp_detected>.
    Found 16-bit register for signal <tcp_window_f>.
    Summary:
	inferred  18 D-type flip-flop(s).
Unit <gen_number_2> synthesized.

Synthesizing Unit <gen_number_3>.
    Related source file is "\\vboxsvr\shared\Source files\Veilog\gen_number_3.v".
    Found 1-bit register for signal <valid_f>.
    Found 1-bit register for signal <fp_detected>.
    Found 16-bit register for signal <tcp_window_f>.
    Summary:
	inferred  18 D-type flip-flop(s).
Unit <gen_number_3> synthesized.

Synthesizing Unit <gen_number_4>.
    Related source file is "\\vboxsvr\shared\Source files\Veilog\gen_number_4.v".
    Found 32-bit register for signal <tcp_seq_f>.
    Found 1-bit register for signal <valid_f>.
    Found 16-bit register for signal <tcp_window_f>.
    Found 1-bit register for signal <fp_detected>.
    Found 32-bit register for signal <ip_dst_f>.
    Summary:
	inferred  82 D-type flip-flop(s).
Unit <gen_number_4> synthesized.

Synthesizing Unit <gen_number_5>.
    Related source file is "\\vboxsvr\shared\Source files\Veilog\gen_number_5.v".
WARNING:Xst:647 - Input <ip_dst> is never used. This port will be preserved and left unconnected if it belongs to a top-level block or it belongs to a sub-block and the hierarchy of this sub-block is preserved.
    Found 1-bit register for signal <valid_f>.
    Found 1-bit register for signal <fp_detected>.
    Found 32-bit register for signal <tcp_seq_f>.
    Summary:
	inferred  34 D-type flip-flop(s).
Unit <gen_number_5> synthesized.

Synthesizing Unit <gen_number_6>.
    Related source file is "\\vboxsvr\shared\Source files\Veilog\gen_number_6.v".
WARNING:Xst:647 - Input <ip_dst> is never used. This port will be preserved and left unconnected if it belongs to a top-level block or it belongs to a sub-block and the hierarchy of this sub-block is preserved.
    Found 1-bit register for signal <valid_f>.
    Found 1-bit register for signal <fp_detected>.
    Found 32-bit register for signal <tcp_seq_f>.
    Summary:
	inferred  34 D-type flip-flop(s).
Unit <gen_number_6> synthesized.

Synthesizing Unit <gen_number_7>.
    Related source file is "\\vboxsvr\shared\Source files\Veilog\gen_number_7.v".
    Found 16-bit register for signal <tcp_window_f>.
    Found 1-bit register for signal <valid_f>.
    Found 1-bit register for signal <fp_detected>.
    Found 32-bit register for signal <tcp_seq_f>.
    Summary:
	inferred  50 D-type flip-flop(s).
Unit <gen_number_7> synthesized.

Synthesizing Unit <gen_number_8>.
    Related source file is "\\vboxsvr\shared\Source files\Veilog\gen_number_8.v".
    Found 16-bit register for signal <tcp_sport_f>.
    Found 16-bit register for signal <tcp_window_f>.
    Found 32-bit register for signal <tcp_seq_f>.
    Found 32-bit register for signal <tcp_ack_f>.
    Found 16-bit register for signal <ip_id_f>.
    Found 1-bit register for signal <valid_f>.
    Found 1-bit register for signal <fp_detected>.
    Found 16-bit register for signal <tcp_dport_f>.
    Summary:
	inferred 130 D-type flip-flop(s).
Unit <gen_number_8> synthesized.

Synthesizing Unit <gen_number_9>.
    Related source file is "\\vboxsvr\shared\Source files\Veilog\gen_number_9.v".
    Found 16-bit register for signal <tcp_window_f>.
    Found 16-bit register for signal <tcp_seq_f>.
    Found 32-bit register for signal <tcp_ack_f>.
    Found 16-bit register for signal <tcp_sport_f>.
    Found 1-bit register for signal <valid_f>.
    Found 1-bit register for signal <fp_detected>.
    Found 16-bit register for signal <ip_id_f>.
    Summary:
	inferred  98 D-type flip-flop(s).
Unit <gen_number_9> synthesized.

Synthesizing Unit <gen_number_10>.
    Related source file is "\\vboxsvr\shared\Source files\Veilog\gen_number_10.v".
    Found 16-bit register for signal <tcp_window_f>.
    Found 16-bit register for signal <tcp_seq_f>.
    Found 32-bit register for signal <tcp_ack_f>.
    Found 16-bit register for signal <tcp_sport_f>.
    Found 1-bit register for signal <valid_f>.
    Found 1-bit register for signal <fp_detected>.
    Found 16-bit register for signal <ip_id_f>.
    Summary:
	inferred  98 D-type flip-flop(s).
Unit <gen_number_10> synthesized.

Synthesizing Unit <gen_number_11>.
    Related source file is "\\vboxsvr\shared\Source files\Veilog\gen_number_11.v".
    Found 16-bit register for signal <tcp_dport_f>.
    Found 32-bit register for signal <tcp_ack_f>.
    Found 16-bit register for signal <ip_id_f>.
    Found 16-bit register for signal <tcp_window_f>.
    Found 16-bit register for signal <tcp_sport_f>.
    Found 1-bit register for signal <valid_f>.
    Found 1-bit register for signal <fp_detected>.
    Found 16-bit register for signal <ip_dst_f>.
    Summary:
	inferred 114 D-type flip-flop(s).
Unit <gen_number_11> synthesized.

Synthesizing Unit <gen_number_12>.
    Related source file is "\\vboxsvr\shared\Source files\Veilog\gen_number_12.v".
    Found 16-bit register for signal <tcp_dport_f>.
    Found 32-bit register for signal <tcp_ack_f>.
    Found 16-bit register for signal <ip_id_f>.
    Found 1-bit register for signal <valid_f>.
    Found 1-bit register for signal <fp_detected>.
    Found 16-bit register for signal <ip_dst_f>.
    Summary:
	inferred  82 D-type flip-flop(s).
Unit <gen_number_12> synthesized.

Synthesizing Unit <gen_number_13>.
    Related source file is "\\vboxsvr\shared\Source files\Veilog\gen_number_13.v".
    Found 32-bit register for signal <tcp_ack_f>.
    Found 1-bit register for signal <valid_f>.
    Found 1-bit register for signal <fp_detected>.
    Found 16-bit register for signal <tcp_window_f>.
    Summary:
	inferred  50 D-type flip-flop(s).
Unit <gen_number_13> synthesized.

Synthesizing Unit <gen_number_14>.
    Related source file is "\\vboxsvr\shared\Source files\Veilog\gen_number_14.v".
    Found 16-bit register for signal <tcp_dport_f>.
    Found 16-bit register for signal <ip_id_f>.
    Found 16-bit register for signal <tcp_seq_f>.
    Found 1-bit register for signal <valid_f>.
    Found 1-bit register for signal <fp_detected>.
    Found 16-bit register for signal <ip_dst_f>.
    Summary:
	inferred  66 D-type flip-flop(s).
Unit <gen_number_14> synthesized.

Synthesizing Unit <gen_number_15>.
    Related source file is "\\vboxsvr\shared\Source files\Veilog\gen_number_15.v".
    Found 1-bit register for signal <valid_f>.
    Found 1-bit register for signal <fp_detected>.
    Found 16-bit register for signal <ip_id_f>.
    Summary:
	inferred  18 D-type flip-flop(s).
Unit <gen_number_15> synthesized.

Synthesizing Unit <gen_number_16>.
    Related source file is "\\vboxsvr\shared\Source files\Veilog\gen_number_16.v".
    Found 1-bit register for signal <valid_f>.
    Found 1-bit register for signal <fp_detected>.
    Found 16-bit register for signal <tcp_window_f>.
    Summary:
	inferred  18 D-type flip-flop(s).
Unit <gen_number_16> synthesized.

Synthesizing Unit <gen_number_17>.
    Related source file is "\\vboxsvr\shared\Source files\Veilog\gen_number_17.v".
    Found 16-bit register for signal <ip_id_f>.
    Found 16-bit register for signal <tcp_window_f>.
    Found 1-bit register for signal <valid_f>.
    Found 1-bit register for signal <fp_detected>.
    Found 32-bit register for signal <tcp_seq_f>.
    Summary:
	inferred  66 D-type flip-flop(s).
Unit <gen_number_17> synthesized.

Synthesizing Unit <buffer_packet_logger>.
    Related source file is "\\vboxsvr\shared\Source files\Veilog\buffer_packet_logger.v".
        CLK_FREQ = 200000000
        BAUD_RATE = 115200
        TRANS_DELAY = 600000000
        DATA_SIZE = 455
        BYTE_SIZE = 57
        ADDRESS_SIZE = 7
    Set property "KEEP = TRUE" for signal <packet>.
WARNING:Xst:2898 - Port 'speed', unconnected in block instance 'inst_async_fifo_buffer', is tied to GND.
WARNING:Xst:647 - Input <packet<455:455>> is never used. This port will be preserved and left unconnected if it belongs to a top-level block or it belongs to a sub-block and the hierarchy of this sub-block is preserved.
INFO:Xst:3210 - "\\vboxsvr\shared\Source files\Veilog\buffer_packet_logger.v" line 39: Output port <state_probe> of the instance <inst_pkt_logger> is unconnected or connected to loadless signal.
INFO:Xst:3210 - "\\vboxsvr\shared\Source files\Veilog\buffer_packet_logger.v" line 39: Output port <byte_count_probe> of the instance <inst_pkt_logger> is unconnected or connected to loadless signal.
INFO:Xst:3210 - "\\vboxsvr\shared\Source files\Veilog\buffer_packet_logger.v" line 39: Output port <byte_count_start_probe> of the instance <inst_pkt_logger> is unconnected or connected to loadless signal.
INFO:Xst:3210 - "\\vboxsvr\shared\Source files\Veilog\buffer_packet_logger.v" line 39: Output port <tenk> of the instance <inst_pkt_logger> is unconnected or connected to loadless signal.
INFO:Xst:3210 - "\\vboxsvr\shared\Source files\Veilog\buffer_packet_logger.v" line 39: Output port <thousands> of the instance <inst_pkt_logger> is unconnected or connected to loadless signal.
INFO:Xst:3210 - "\\vboxsvr\shared\Source files\Veilog\buffer_packet_logger.v" line 39: Output port <hundreds> of the instance <inst_pkt_logger> is unconnected or connected to loadless signal.
INFO:Xst:3210 - "\\vboxsvr\shared\Source files\Veilog\buffer_packet_logger.v" line 39: Output port <tens> of the instance <inst_pkt_logger> is unconnected or connected to loadless signal.
INFO:Xst:3210 - "\\vboxsvr\shared\Source files\Veilog\buffer_packet_logger.v" line 39: Output port <units> of the instance <inst_pkt_logger> is unconnected or connected to loadless signal.
INFO:Xst:3210 - "\\vboxsvr\shared\Source files\Veilog\buffer_packet_logger.v" line 51: Output port <rbin_probe> of the instance <inst_async_fifo_buffer> is unconnected or connected to loadless signal.
INFO:Xst:3210 - "\\vboxsvr\shared\Source files\Veilog\buffer_packet_logger.v" line 51: Output port <wbin_probe> of the instance <inst_async_fifo_buffer> is unconnected or connected to loadless signal.
INFO:Xst:3210 - "\\vboxsvr\shared\Source files\Veilog\buffer_packet_logger.v" line 51: Output port <rbin_next_probe> of the instance <inst_async_fifo_buffer> is unconnected or connected to loadless signal.
INFO:Xst:3210 - "\\vboxsvr\shared\Source files\Veilog\buffer_packet_logger.v" line 51: Output port <wbin_next_probe> of the instance <inst_async_fifo_buffer> is unconnected or connected to loadless signal.
INFO:Xst:3210 - "\\vboxsvr\shared\Source files\Veilog\buffer_packet_logger.v" line 51: Output port <wq1_probe> of the instance <inst_async_fifo_buffer> is unconnected or connected to loadless signal.
INFO:Xst:3210 - "\\vboxsvr\shared\Source files\Veilog\buffer_packet_logger.v" line 51: Output port <wq2_probe> of the instance <inst_async_fifo_buffer> is unconnected or connected to loadless signal.
INFO:Xst:3210 - "\\vboxsvr\shared\Source files\Veilog\buffer_packet_logger.v" line 51: Output port <rgray_next_probe> of the instance <inst_async_fifo_buffer> is unconnected or connected to loadless signal.
INFO:Xst:3210 - "\\vboxsvr\shared\Source files\Veilog\buffer_packet_logger.v" line 51: Output port <write_probe> of the instance <inst_async_fifo_buffer> is unconnected or connected to loadless signal.
WARNING:Xst:653 - Signal <rbin_probe> is used but never assigned. This sourceless signal will be automatically connected to value GND.
WARNING:Xst:653 - Signal <wbin_probe> is used but never assigned. This sourceless signal will be automatically connected to value GND.
WARNING:Xst:653 - Signal <state_probe> is used but never assigned. This sourceless signal will be automatically connected to value GND.
WARNING:Xst:653 - Signal <byte_count_probe> is used but never assigned. This sourceless signal will be automatically connected to value GND.
    Found 1-bit register for signal <empty_b2>.
    Found 1-bit register for signal <empty_b1>.
    Summary:
	inferred   2 D-type flip-flop(s).
Unit <buffer_packet_logger> synthesized.

Synthesizing Unit <packet_logging>.
    Related source file is "\\vboxsvr\shared\Source files\Veilog\packet_logging.v".
        CLK_FREQ = 200000000
        BAUD_RATE = 115200
        TRANS_DELAY = 600000000
        DATA_SIZE = 455
        BYTE_SIZE = 57
INFO:Xst:3210 - "\\vboxsvr\shared\Source files\Veilog\packet_logging.v" line 32: Output port <busy> of the instance <tx_inst> is unconnected or connected to loadless signal.
INFO:Xst:3210 - "\\vboxsvr\shared\Source files\Veilog\packet_logging.v" line 32: Output port <baud16_clk> of the instance <tx_inst> is unconnected or connected to loadless signal.
WARNING:Xst:653 - Signal <tenk> is used but never assigned. This sourceless signal will be automatically connected to value GND.
WARNING:Xst:653 - Signal <thousands> is used but never assigned. This sourceless signal will be automatically connected to value GND.
WARNING:Xst:653 - Signal <hundreds> is used but never assigned. This sourceless signal will be automatically connected to value GND.
WARNING:Xst:653 - Signal <tens> is used but never assigned. This sourceless signal will be automatically connected to value GND.
WARNING:Xst:653 - Signal <units> is used but never assigned. This sourceless signal will be automatically connected to value GND.
    Found 9-bit register for signal <byte_count_start>.
    Found 7-bit register for signal <byte_count>.
    Found 1-bit register for signal <complete>.
    Found 456-bit register for signal <in_data_buffer>.
    Found 8-bit register for signal <tx_data>.
    Found 1-bit register for signal <transmission_send>.
    Found 3-bit register for signal <state>.
    Found finite state machine <FSM_2> for signal <state>.
    -----------------------------------------------------------------------
    | States             | 3                                              |
    | Transitions        | 9                                              |
    | Inputs             | 5                                              |
    | Outputs            | 6                                              |
    | Clock              | clk (rising_edge)                              |
    | Encoding           | auto                                           |
    | Implementation     | LUT                                            |
    -----------------------------------------------------------------------
    Found 9-bit adder for signal <byte_count_start[8]_GND_37_o_add_5_OUT> created at line 74.
    Found 7-bit adder for signal <byte_count[6]_GND_37_o_add_6_OUT> created at line 75.
    Found 9-bit subtractor for signal <GND_37_o_GND_37_o_sub_4_OUT<8:0>> created at line 71.
    Found 911-bit shifter logical right for signal <n0065> created at line 71
    Found 7-bit comparator greater for signal <byte_count[6]_GND_37_o_LessThan_3_o> created at line 70
    Summary:
	inferred   3 Adder/Subtractor(s).
	inferred 482 D-type flip-flop(s).
	inferred   1 Comparator(s).
	inferred   9 Multiplexer(s).
	inferred   1 Combinational logic shifter(s).
	inferred   1 Finite State Machine(s).
Unit <packet_logging> synthesized.

Synthesizing Unit <uart_tx>.
    Related source file is "\\vboxsvr\shared\Source files\Veilog\uart_tx_new.v".
        CLK_FREQ = 200000000
        BAUD_RATE = 115200
    Found 1-bit register for signal <tx_out>.
    Found 2-bit register for signal <state>.
    Found 3-bit register for signal <bit_index>.
    Found 4-bit register for signal <oversample_cnt>.
    Found 8-bit register for signal <tx_data>.
    Found 16-bit register for signal <clk_counter>.
    Found 1-bit register for signal <baud16_pulse>.
    Found 1-bit register for signal <busy>.
    Found 1-bit register for signal <done>.
    Found finite state machine <FSM_3> for signal <state>.
    -----------------------------------------------------------------------
    | States             | 4                                              |
    | Transitions        | 13                                             |
    | Inputs             | 4                                              |
    | Outputs            | 2                                              |
    | Clock              | clk (rising_edge)                              |
    | Reset              | rst_n (negative)                               |
    | Reset type         | asynchronous                                   |
    | Reset State        | 00                                             |
    | Encoding           | auto                                           |
    | Implementation     | LUT                                            |
    -----------------------------------------------------------------------
    Found 16-bit adder for signal <clk_counter[15]_GND_38_o_add_1_OUT> created at line 51.
    Found 3-bit adder for signal <bit_index[2]_GND_38_o_add_15_OUT> created at line 102.
    Found 4-bit adder for signal <oversample_cnt[3]_GND_38_o_add_21_OUT> created at line 109.
    Found 1-bit 8-to-1 multiplexer for signal <bit_index[2]_tx_data[7]_Mux_11_o> created at line 95.
    Summary:
	inferred   3 Adder/Subtractor(s).
	inferred  35 D-type flip-flop(s).
	inferred   8 Multiplexer(s).
	inferred   1 Finite State Machine(s).
Unit <uart_tx> synthesized.

Synthesizing Unit <async_fifo_2>.
    Related source file is "\\vboxsvr\shared\Source files\Veilog\async_fifo.v".
        DSIZE = 455
        ASIZE = 7
WARNING:Xst:647 - Input <speed> is never used. This port will be preserved and left unconnected if it belongs to a top-level block or it belongs to a sub-block and the hierarchy of this sub-block is preserved.
WARNING:Xst:653 - Signal <rbin_probe> is used but never assigned. This sourceless signal will be automatically connected to value GND.
WARNING:Xst:653 - Signal <wbin_probe> is used but never assigned. This sourceless signal will be automatically connected to value GND.
WARNING:Xst:653 - Signal <rbin_next_probe> is used but never assigned. This sourceless signal will be automatically connected to value GND.
WARNING:Xst:653 - Signal <wbin_next_probe> is used but never assigned. This sourceless signal will be automatically connected to value GND.
WARNING:Xst:653 - Signal <wq1_probe> is used but never assigned. This sourceless signal will be automatically connected to value GND.
WARNING:Xst:653 - Signal <wq2_probe> is used but never assigned. This sourceless signal will be automatically connected to value GND.
WARNING:Xst:653 - Signal <rgray_next_probe> is used but never assigned. This sourceless signal will be automatically connected to value GND.
    Found 128x455-bit dual-port RAM <Mram_mem> for signal <mem>.
    Found 1-bit register for signal <o_wfull>.
    Found 8-bit register for signal <wq2_rgray>.
    Found 8-bit register for signal <wgray>.
    Found 8-bit register for signal <wbin>.
    Found 8-bit register for signal <wq1_rgray>.
    Found 8-bit register for signal <rq1_wgray>.
    Found 8-bit register for signal <rq2_wgray>.
    Found 8-bit register for signal <rgray>.
    Found 8-bit register for signal <rbin>.
    Found 1-bit register for signal <o_rempty>.
    Found 455-bit register for signal <write_probe>.
    Found 8-bit adder for signal <wbinnext> created at line 70.
    Found 8-bit adder for signal <rbinnext> created at line 118.
    Found 8-bit comparator equal for signal <wfull_next> created at line 86
    Found 8-bit comparator equal for signal <rempty_next> created at line 135
    Summary:
	inferred   1 RAM(s).
	inferred   2 Adder/Subtractor(s).
	inferred 521 D-type flip-flop(s).
	inferred   2 Comparator(s).
Unit <async_fifo_2> synthesized.

=========================================================================
HDL Synthesis Report

Macro Statistics
# RAMs                                                 : 2
 128x455-bit dual-port RAM                             : 1
 16x10-bit dual-port RAM                               : 1
# Adders/Subtractors                                   : 34
 11-bit adder                                          : 1
 16-bit adder                                          : 19
 3-bit adder                                           : 1
 32-bit adder                                          : 2
 4-bit adder                                           : 1
 5-bit adder                                           : 2
 7-bit adder                                           : 1
 8-bit adder                                           : 5
 9-bit adder                                           : 1
 9-bit subtractor                                      : 1
# Registers                                            : 254
 1-bit register                                        : 92
 10-bit register                                       : 1
 104-bit register                                      : 1
 11-bit register                                       : 1
 112-bit register                                      : 1
 16-bit register                                       : 68
 160-bit register                                      : 2
 3-bit register                                        : 1
 32-bit register                                       : 22
 4-bit register                                        : 19
 432-bit register                                      : 2
 455-bit register                                      : 1
 456-bit register                                      : 1
 5-bit register                                        : 8
 64-bit register                                       : 3
 7-bit register                                        : 1
 8-bit register                                        : 29
 9-bit register                                        : 1
# Comparators                                          : 35
 11-bit comparator greater                             : 2
 11-bit comparator lessequal                           : 1
 16-bit comparator not equal                           : 18
 32-bit comparator greater                             : 2
 32-bit comparator lessequal                           : 4
 5-bit comparator equal                                : 2
 7-bit comparator greater                              : 1
 8-bit comparator equal                                : 2
 8-bit comparator lessequal                            : 3
# Multiplexers                                         : 524
 1-bit 2-to-1 multiplexer                              : 448
 1-bit 8-to-1 multiplexer                              : 1
 11-bit 2-to-1 multiplexer                             : 1
 16-bit 2-to-1 multiplexer                             : 1
 3-bit 2-to-1 multiplexer                              : 1
 32-bit 2-to-1 multiplexer                             : 3
 4-bit 2-to-1 multiplexer                              : 3
 7-bit 2-to-1 multiplexer                              : 2
 8-bit 2-to-1 multiplexer                              : 62
 9-bit 2-to-1 multiplexer                              : 2
# Logic shifters                                       : 1
 911-bit shifter logical right                         : 1
# FSMs                                                 : 4
# Xors                                                 : 9
 16-bit xor2                                           : 2
 16-bit xor4                                           : 1
 32-bit xor2                                           : 2
 5-bit xor2                                            : 2
 8-bit xor2                                            : 2

=========================================================================

=========================================================================
*                       Advanced HDL Synthesis                          *
=========================================================================

WARNING:Xst:1710 - FF/Latch <in_data_buffer_455> (without init value) has a constant value of 0 in block <inst_pkt_logger>. This FF/Latch will be trimmed during the optimization process.
WARNING:Xst:2677 - Node <ip_src_0> of sequential type is unconnected in block <inst_read_buffer>.
WARNING:Xst:2677 - Node <ip_src_1> of sequential type is unconnected in block <inst_read_buffer>.
WARNING:Xst:2677 - Node <ip_src_2> of sequential type is unconnected in block <inst_read_buffer>.
WARNING:Xst:2677 - Node <ip_src_3> of sequential type is unconnected in block <inst_read_buffer>.
WARNING:Xst:2677 - Node <ip_src_4> of sequential type is unconnected in block <inst_read_buffer>.
WARNING:Xst:2677 - Node <ip_src_5> of sequential type is unconnected in block <inst_read_buffer>.
WARNING:Xst:2677 - Node <ip_src_6> of sequential type is unconnected in block <inst_read_buffer>.
WARNING:Xst:2677 - Node <ip_src_7> of sequential type is unconnected in block <inst_read_buffer>.
WARNING:Xst:2677 - Node <ip_src_8> of sequential type is unconnected in block <inst_read_buffer>.
WARNING:Xst:2677 - Node <ip_src_9> of sequential type is unconnected in block <inst_read_buffer>.
WARNING:Xst:2677 - Node <ip_src_10> of sequential type is unconnected in block <inst_read_buffer>.
WARNING:Xst:2677 - Node <ip_src_11> of sequential type is unconnected in block <inst_read_buffer>.
WARNING:Xst:2677 - Node <ip_src_12> of sequential type is unconnected in block <inst_read_buffer>.
WARNING:Xst:2677 - Node <ip_src_13> of sequential type is unconnected in block <inst_read_buffer>.
WARNING:Xst:2677 - Node <ip_src_14> of sequential type is unconnected in block <inst_read_buffer>.
WARNING:Xst:2677 - Node <ip_src_15> of sequential type is unconnected in block <inst_read_buffer>.
WARNING:Xst:2677 - Node <ip_src_16> of sequential type is unconnected in block <inst_read_buffer>.
WARNING:Xst:2677 - Node <ip_src_17> of sequential type is unconnected in block <inst_read_buffer>.
WARNING:Xst:2677 - Node <ip_src_18> of sequential type is unconnected in block <inst_read_buffer>.
WARNING:Xst:2677 - Node <ip_src_19> of sequential type is unconnected in block <inst_read_buffer>.
WARNING:Xst:2677 - Node <ip_src_20> of sequential type is unconnected in block <inst_read_buffer>.
WARNING:Xst:2677 - Node <ip_src_21> of sequential type is unconnected in block <inst_read_buffer>.
WARNING:Xst:2677 - Node <ip_src_22> of sequential type is unconnected in block <inst_read_buffer>.
WARNING:Xst:2677 - Node <ip_src_23> of sequential type is unconnected in block <inst_read_buffer>.
WARNING:Xst:2677 - Node <ip_src_24> of sequential type is unconnected in block <inst_read_buffer>.
WARNING:Xst:2677 - Node <ip_src_25> of sequential type is unconnected in block <inst_read_buffer>.
WARNING:Xst:2677 - Node <ip_src_26> of sequential type is unconnected in block <inst_read_buffer>.
WARNING:Xst:2677 - Node <ip_src_27> of sequential type is unconnected in block <inst_read_buffer>.
WARNING:Xst:2677 - Node <ip_src_28> of sequential type is unconnected in block <inst_read_buffer>.
WARNING:Xst:2677 - Node <ip_src_29> of sequential type is unconnected in block <inst_read_buffer>.
WARNING:Xst:2677 - Node <ip_src_30> of sequential type is unconnected in block <inst_read_buffer>.
WARNING:Xst:2677 - Node <ip_src_31> of sequential type is unconnected in block <inst_read_buffer>.
WARNING:Xst:2677 - Node <tcp_flags_0> of sequential type is unconnected in block <inst_read_buffer>.
WARNING:Xst:2677 - Node <tcp_flags_2> of sequential type is unconnected in block <inst_read_buffer>.
WARNING:Xst:2677 - Node <tcp_flags_3> of sequential type is unconnected in block <inst_read_buffer>.
WARNING:Xst:2677 - Node <tcp_flags_4> of sequential type is unconnected in block <inst_read_buffer>.
WARNING:Xst:2677 - Node <tcp_flags_5> of sequential type is unconnected in block <inst_read_buffer>.
WARNING:Xst:2677 - Node <tcp_flags_6> of sequential type is unconnected in block <inst_read_buffer>.
WARNING:Xst:2677 - Node <tcp_flags_7> of sequential type is unconnected in block <inst_read_buffer>.
WARNING:Xst:2677 - Node <fp_send_buffer_24> of sequential type is unconnected in block <top_wrapper>.
WARNING:Xst:2677 - Node <fp_send_buffer_25> of sequential type is unconnected in block <top_wrapper>.
WARNING:Xst:2677 - Node <fp_send_buffer_26> of sequential type is unconnected in block <top_wrapper>.
WARNING:Xst:2677 - Node <fp_send_buffer_27> of sequential type is unconnected in block <top_wrapper>.
WARNING:Xst:2677 - Node <fp_send_buffer_28> of sequential type is unconnected in block <top_wrapper>.
WARNING:Xst:2677 - Node <fp_send_buffer_29> of sequential type is unconnected in block <top_wrapper>.
WARNING:Xst:2677 - Node <fp_send_buffer_30> of sequential type is unconnected in block <top_wrapper>.
WARNING:Xst:2677 - Node <fp_send_buffer_31> of sequential type is unconnected in block <top_wrapper>.
WARNING:Xst:2677 - Node <fp_send_buffer_32> of sequential type is unconnected in block <top_wrapper>.
WARNING:Xst:2677 - Node <fp_send_buffer_33> of sequential type is unconnected in block <top_wrapper>.
WARNING:Xst:2677 - Node <fp_send_buffer_34> of sequential type is unconnected in block <top_wrapper>.
WARNING:Xst:2677 - Node <fp_send_buffer_35> of sequential type is unconnected in block <top_wrapper>.
WARNING:Xst:2677 - Node <fp_send_buffer_36> of sequential type is unconnected in block <top_wrapper>.
WARNING:Xst:2677 - Node <fp_send_buffer_37> of sequential type is unconnected in block <top_wrapper>.
WARNING:Xst:2677 - Node <fp_send_buffer_38> of sequential type is unconnected in block <top_wrapper>.
WARNING:Xst:2677 - Node <fp_send_buffer_39> of sequential type is unconnected in block <top_wrapper>.
WARNING:Xst:2677 - Node <fp_send_buffer_40> of sequential type is unconnected in block <top_wrapper>.
WARNING:Xst:2677 - Node <fp_send_buffer_41> of sequential type is unconnected in block <top_wrapper>.
WARNING:Xst:2677 - Node <fp_send_buffer_42> of sequential type is unconnected in block <top_wrapper>.
WARNING:Xst:2677 - Node <fp_send_buffer_43> of sequential type is unconnected in block <top_wrapper>.
WARNING:Xst:2677 - Node <fp_send_buffer_44> of sequential type is unconnected in block <top_wrapper>.
WARNING:Xst:2677 - Node <fp_send_buffer_45> of sequential type is unconnected in block <top_wrapper>.
WARNING:Xst:2677 - Node <fp_send_buffer_46> of sequential type is unconnected in block <top_wrapper>.
WARNING:Xst:2677 - Node <fp_send_buffer_47> of sequential type is unconnected in block <top_wrapper>.
WARNING:Xst:2677 - Node <fp_send_buffer_48> of sequential type is unconnected in block <top_wrapper>.
WARNING:Xst:2677 - Node <fp_send_buffer_49> of sequential type is unconnected in block <top_wrapper>.
WARNING:Xst:2677 - Node <fp_send_buffer_50> of sequential type is unconnected in block <top_wrapper>.
WARNING:Xst:2677 - Node <fp_send_buffer_51> of sequential type is unconnected in block <top_wrapper>.
WARNING:Xst:2677 - Node <fp_send_buffer_52> of sequential type is unconnected in block <top_wrapper>.
WARNING:Xst:2677 - Node <fp_send_buffer_53> of sequential type is unconnected in block <top_wrapper>.
WARNING:Xst:2677 - Node <fp_send_buffer_54> of sequential type is unconnected in block <top_wrapper>.
WARNING:Xst:2677 - Node <fp_send_buffer_55> of sequential type is unconnected in block <top_wrapper>.
WARNING:Xst:2677 - Node <fp_send_buffer_56> of sequential type is unconnected in block <top_wrapper>.
WARNING:Xst:2677 - Node <fp_send_buffer_57> of sequential type is unconnected in block <top_wrapper>.
WARNING:Xst:2677 - Node <fp_send_buffer_58> of sequential type is unconnected in block <top_wrapper>.
WARNING:Xst:2677 - Node <fp_send_buffer_59> of sequential type is unconnected in block <top_wrapper>.
WARNING:Xst:2677 - Node <fp_send_buffer_60> of sequential type is unconnected in block <top_wrapper>.
WARNING:Xst:2677 - Node <fp_send_buffer_61> of sequential type is unconnected in block <top_wrapper>.
WARNING:Xst:2677 - Node <fp_send_buffer_62> of sequential type is unconnected in block <top_wrapper>.
WARNING:Xst:2677 - Node <fp_send_buffer_63> of sequential type is unconnected in block <top_wrapper>.
WARNING:Xst:2677 - Node <fp_send_buffer_64> of sequential type is unconnected in block <top_wrapper>.
WARNING:Xst:2677 - Node <fp_send_buffer_65> of sequential type is unconnected in block <top_wrapper>.
WARNING:Xst:2677 - Node <fp_send_buffer_66> of sequential type is unconnected in block <top_wrapper>.
WARNING:Xst:2677 - Node <fp_send_buffer_67> of sequential type is unconnected in block <top_wrapper>.
WARNING:Xst:2677 - Node <fp_send_buffer_68> of sequential type is unconnected in block <top_wrapper>.
WARNING:Xst:2677 - Node <fp_send_buffer_69> of sequential type is unconnected in block <top_wrapper>.
WARNING:Xst:2677 - Node <fp_send_buffer_70> of sequential type is unconnected in block <top_wrapper>.
WARNING:Xst:2677 - Node <fp_send_buffer_71> of sequential type is unconnected in block <top_wrapper>.
WARNING:Xst:2677 - Node <fp_send_buffer_72> of sequential type is unconnected in block <top_wrapper>.
WARNING:Xst:2677 - Node <fp_send_buffer_73> of sequential type is unconnected in block <top_wrapper>.
WARNING:Xst:2677 - Node <fp_send_buffer_74> of sequential type is unconnected in block <top_wrapper>.
WARNING:Xst:2677 - Node <fp_send_buffer_75> of sequential type is unconnected in block <top_wrapper>.
WARNING:Xst:2677 - Node <fp_send_buffer_76> of sequential type is unconnected in block <top_wrapper>.
WARNING:Xst:2677 - Node <fp_send_buffer_77> of sequential type is unconnected in block <top_wrapper>.
WARNING:Xst:2677 - Node <fp_send_buffer_78> of sequential type is unconnected in block <top_wrapper>.
WARNING:Xst:2677 - Node <fp_send_buffer_79> of sequential type is unconnected in block <top_wrapper>.
WARNING:Xst:2677 - Node <fp_send_buffer_80> of sequential type is unconnected in block <top_wrapper>.
WARNING:Xst:2677 - Node <fp_send_buffer_81> of sequential type is unconnected in block <top_wrapper>.
WARNING:Xst:2677 - Node <fp_send_buffer_82> of sequential type is unconnected in block <top_wrapper>.
WARNING:Xst:2677 - Node <fp_send_buffer_83> of sequential type is unconnected in block <top_wrapper>.
WARNING:Xst:2677 - Node <fp_send_buffer_84> of sequential type is unconnected in block <top_wrapper>.
WARNING:Xst:2677 - Node <fp_send_buffer_85> of sequential type is unconnected in block <top_wrapper>.
WARNING:Xst:2677 - Node <fp_send_buffer_86> of sequential type is unconnected in block <top_wrapper>.
WARNING:Xst:2677 - Node <fp_send_buffer_87> of sequential type is unconnected in block <top_wrapper>.
WARNING:Xst:2677 - Node <fp_send_buffer_88> of sequential type is unconnected in block <top_wrapper>.
WARNING:Xst:2677 - Node <fp_send_buffer_89> of sequential type is unconnected in block <top_wrapper>.
WARNING:Xst:2677 - Node <fp_send_buffer_90> of sequential type is unconnected in block <top_wrapper>.
WARNING:Xst:2677 - Node <fp_send_buffer_91> of sequential type is unconnected in block <top_wrapper>.
WARNING:Xst:2677 - Node <fp_send_buffer_92> of sequential type is unconnected in block <top_wrapper>.
WARNING:Xst:2677 - Node <fp_send_buffer_93> of sequential type is unconnected in block <top_wrapper>.
WARNING:Xst:2677 - Node <fp_send_buffer_94> of sequential type is unconnected in block <top_wrapper>.
WARNING:Xst:2677 - Node <fp_send_buffer_95> of sequential type is unconnected in block <top_wrapper>.
WARNING:Xst:2677 - Node <fp_send_buffer_96> of sequential type is unconnected in block <top_wrapper>.
WARNING:Xst:2677 - Node <fp_send_buffer_97> of sequential type is unconnected in block <top_wrapper>.
WARNING:Xst:2677 - Node <fp_send_buffer_98> of sequential type is unconnected in block <top_wrapper>.
WARNING:Xst:2677 - Node <fp_send_buffer_99> of sequential type is unconnected in block <top_wrapper>.
WARNING:Xst:2677 - Node <fp_send_buffer_100> of sequential type is unconnected in block <top_wrapper>.
WARNING:Xst:2677 - Node <fp_send_buffer_101> of sequential type is unconnected in block <top_wrapper>.
WARNING:Xst:2677 - Node <fp_send_buffer_102> of sequential type is unconnected in block <top_wrapper>.
WARNING:Xst:2677 - Node <fp_send_buffer_103> of sequential type is unconnected in block <top_wrapper>.

Synthesizing (advanced) Unit <async_fifo_1>.
The following registers are absorbed into accumulator <wbin>: 1 register on signal <wbin>.
The following registers are absorbed into accumulator <rbin>: 1 register on signal <rbin>.
INFO:Xst:3231 - The small RAM <Mram_mem> will be implemented on LUTs in order to maximize performance and save block RAM resources. If you want to force its implementation on block, use option/constraint ram_style.
    -----------------------------------------------------------------------
    | ram_type           | Distributed                         |          |
    -----------------------------------------------------------------------
    | Port A                                                              |
    |     aspect ratio   | 16-word x 10-bit                    |          |
    |     clkA           | connected to signal <i_wclk>        | rise     |
    |     weA            | connected to internal node          | high     |
    |     addrA          | connected to signal <wbin<3:0>>     |          |
    |     diA            | connected to signal <i_wdata>       |          |
    |     doA            | connected to internal node          |          |
    -----------------------------------------------------------------------
    | Port B                                                              |
    |     aspect ratio   | 16-word x 10-bit                    |          |
    |     addrB          | connected to signal <rbin<3:0>>     |          |
    |     doB            | connected to internal node          |          |
    -----------------------------------------------------------------------
Unit <async_fifo_1> synthesized (advanced).

Synthesizing (advanced) Unit <async_fifo_2>.
The following registers are absorbed into accumulator <wbin>: 1 register on signal <wbin>.
The following registers are absorbed into accumulator <rbin>: 1 register on signal <rbin>.
INFO:Xst:3218 - HDL ADVISOR - The RAM <Mram_mem> will be implemented on LUTs either because you have described an asynchronous read or because of currently unsupported block RAM features. If you have described an asynchronous read, making it synchronous would allow you to take advantage of available block RAM resources, for optimized device usage and improved timings. Please refer to your documentation for coding guidelines.
    -----------------------------------------------------------------------
    | ram_type           | Distributed                         |          |
    -----------------------------------------------------------------------
    | Port A                                                              |
    |     aspect ratio   | 128-word x 455-bit                  |          |
    |     clkA           | connected to signal <i_wclk>        | rise     |
    |     weA            | connected to internal node          | high     |
    |     addrA          | connected to signal <wbin<6:0>>     |          |
    |     diA            | connected to signal <i_wdata>       |          |
    |     doA            | connected to internal node          |          |
    -----------------------------------------------------------------------
    | Port B                                                              |
    |     aspect ratio   | 128-word x 455-bit                  |          |
    |     addrB          | connected to signal <rbin<6:0>>     |          |
    |     doB            | connected to internal node          |          |
    -----------------------------------------------------------------------
Unit <async_fifo_2> synthesized (advanced).

Synthesizing (advanced) Unit <fp_top>.
The following registers are absorbed into counter <fp_num1>: 1 register on signal <fp_num1>.
The following registers are absorbed into counter <fp_num2>: 1 register on signal <fp_num2>.
The following registers are absorbed into counter <fp_num4>: 1 register on signal <fp_num4>.
The following registers are absorbed into counter <fp_num3>: 1 register on signal <fp_num3>.
The following registers are absorbed into counter <fp_num5>: 1 register on signal <fp_num5>.
The following registers are absorbed into counter <fp_num6>: 1 register on signal <fp_num6>.
The following registers are absorbed into counter <fp_num7>: 1 register on signal <fp_num7>.
The following registers are absorbed into counter <fp_num8>: 1 register on signal <fp_num8>.
The following registers are absorbed into counter <fp_num9>: 1 register on signal <fp_num9>.
The following registers are absorbed into counter <fp_num11>: 1 register on signal <fp_num11>.
The following registers are absorbed into counter <fp_num10>: 1 register on signal <fp_num10>.
The following registers are absorbed into counter <fp_num12>: 1 register on signal <fp_num12>.
The following registers are absorbed into counter <fp_num14>: 1 register on signal <fp_num14>.
The following registers are absorbed into counter <fp_num13>: 1 register on signal <fp_num13>.
The following registers are absorbed into counter <fp_num15>: 1 register on signal <fp_num15>.
The following registers are absorbed into counter <fp_num17>: 1 register on signal <fp_num17>.
The following registers are absorbed into counter <fp_num16>: 1 register on signal <fp_num16>.
The following registers are absorbed into counter <fp_num0>: 1 register on signal <fp_num0>.
Unit <fp_top> synthesized (advanced).

Synthesizing (advanced) Unit <link_speed_detector>.
The following registers are absorbed into counter <det_counter>: 1 register on signal <det_counter>.
Unit <link_speed_detector> synthesized (advanced).

Synthesizing (advanced) Unit <read_buffer>.
The following registers are absorbed into counter <counter>: 1 register on signal <counter>.
The following registers are absorbed into counter <eth_count>: 1 register on signal <eth_count>.
Unit <read_buffer> synthesized (advanced).

Synthesizing (advanced) Unit <uart_tx>.
The following registers are absorbed into counter <clk_counter>: 1 register on signal <clk_counter>.
The following registers are absorbed into counter <bit_index>: 1 register on signal <bit_index>.
Unit <uart_tx> synthesized (advanced).
WARNING:Xst:2677 - Node <eth_header_0_0> of sequential type is unconnected in block <read_buffer>.
WARNING:Xst:2677 - Node <eth_header_0_1> of sequential type is unconnected in block <read_buffer>.
WARNING:Xst:2677 - Node <eth_header_0_2> of sequential type is unconnected in block <read_buffer>.
WARNING:Xst:2677 - Node <eth_header_0_3> of sequential type is unconnected in block <read_buffer>.
WARNING:Xst:2677 - Node <eth_header_0_4> of sequential type is unconnected in block <read_buffer>.
WARNING:Xst:2677 - Node <eth_header_0_5> of sequential type is unconnected in block <read_buffer>.
WARNING:Xst:2677 - Node <eth_header_0_6> of sequential type is unconnected in block <read_buffer>.
WARNING:Xst:2677 - Node <eth_header_0_7> of sequential type is unconnected in block <read_buffer>.
WARNING:Xst:2677 - Node <eth_header_0_8> of sequential type is unconnected in block <read_buffer>.
WARNING:Xst:2677 - Node <eth_header_0_9> of sequential type is unconnected in block <read_buffer>.
WARNING:Xst:2677 - Node <eth_header_0_10> of sequential type is unconnected in block <read_buffer>.
WARNING:Xst:2677 - Node <eth_header_0_11> of sequential type is unconnected in block <read_buffer>.
WARNING:Xst:2677 - Node <eth_header_0_12> of sequential type is unconnected in block <read_buffer>.
WARNING:Xst:2677 - Node <eth_header_0_13> of sequential type is unconnected in block <read_buffer>.
WARNING:Xst:2677 - Node <eth_header_0_14> of sequential type is unconnected in block <read_buffer>.
WARNING:Xst:2677 - Node <eth_header_0_15> of sequential type is unconnected in block <read_buffer>.
WARNING:Xst:2677 - Node <eth_header_0_16> of sequential type is unconnected in block <read_buffer>.
WARNING:Xst:2677 - Node <eth_header_0_17> of sequential type is unconnected in block <read_buffer>.
WARNING:Xst:2677 - Node <eth_header_0_18> of sequential type is unconnected in block <read_buffer>.
WARNING:Xst:2677 - Node <eth_header_0_19> of sequential type is unconnected in block <read_buffer>.
WARNING:Xst:2677 - Node <eth_header_0_20> of sequential type is unconnected in block <read_buffer>.
WARNING:Xst:2677 - Node <eth_header_0_21> of sequential type is unconnected in block <read_buffer>.
WARNING:Xst:2677 - Node <eth_header_0_22> of sequential type is unconnected in block <read_buffer>.
WARNING:Xst:2677 - Node <eth_header_0_23> of sequential type is unconnected in block <read_buffer>.
WARNING:Xst:2677 - Node <eth_header_0_24> of sequential type is unconnected in block <read_buffer>.
WARNING:Xst:2677 - Node <eth_header_0_25> of sequential type is unconnected in block <read_buffer>.
WARNING:Xst:2677 - Node <eth_header_0_26> of sequential type is unconnected in block <read_buffer>.
WARNING:Xst:2677 - Node <eth_header_0_27> of sequential type is unconnected in block <read_buffer>.
WARNING:Xst:2677 - Node <eth_header_0_28> of sequential type is unconnected in block <read_buffer>.
WARNING:Xst:2677 - Node <eth_header_0_29> of sequential type is unconnected in block <read_buffer>.
WARNING:Xst:2677 - Node <eth_header_0_30> of sequential type is unconnected in block <read_buffer>.
WARNING:Xst:2677 - Node <eth_header_0_31> of sequential type is unconnected in block <read_buffer>.
WARNING:Xst:2677 - Node <eth_header_0_32> of sequential type is unconnected in block <read_buffer>.
WARNING:Xst:2677 - Node <eth_header_0_33> of sequential type is unconnected in block <read_buffer>.
WARNING:Xst:2677 - Node <eth_header_0_34> of sequential type is unconnected in block <read_buffer>.
WARNING:Xst:2677 - Node <eth_header_0_35> of sequential type is unconnected in block <read_buffer>.
WARNING:Xst:2677 - Node <eth_header_0_36> of sequential type is unconnected in block <read_buffer>.
WARNING:Xst:2677 - Node <eth_header_0_37> of sequential type is unconnected in block <read_buffer>.
WARNING:Xst:2677 - Node <eth_header_0_38> of sequential type is unconnected in block <read_buffer>.
WARNING:Xst:2677 - Node <eth_header_0_39> of sequential type is unconnected in block <read_buffer>.
WARNING:Xst:2677 - Node <eth_header_0_40> of sequential type is unconnected in block <read_buffer>.
WARNING:Xst:2677 - Node <eth_header_0_41> of sequential type is unconnected in block <read_buffer>.
WARNING:Xst:2677 - Node <eth_header_0_42> of sequential type is unconnected in block <read_buffer>.
WARNING:Xst:2677 - Node <eth_header_0_43> of sequential type is unconnected in block <read_buffer>.
WARNING:Xst:2677 - Node <eth_header_0_44> of sequential type is unconnected in block <read_buffer>.
WARNING:Xst:2677 - Node <eth_header_0_45> of sequential type is unconnected in block <read_buffer>.
WARNING:Xst:2677 - Node <eth_header_0_46> of sequential type is unconnected in block <read_buffer>.
WARNING:Xst:2677 - Node <eth_header_0_47> of sequential type is unconnected in block <read_buffer>.
WARNING:Xst:2677 - Node <eth_header_0_48> of sequential type is unconnected in block <read_buffer>.
WARNING:Xst:2677 - Node <eth_header_0_49> of sequential type is unconnected in block <read_buffer>.
WARNING:Xst:2677 - Node <eth_header_0_50> of sequential type is unconnected in block <read_buffer>.
WARNING:Xst:2677 - Node <eth_header_0_51> of sequential type is unconnected in block <read_buffer>.
WARNING:Xst:2677 - Node <eth_header_0_52> of sequential type is unconnected in block <read_buffer>.
WARNING:Xst:2677 - Node <eth_header_0_53> of sequential type is unconnected in block <read_buffer>.
WARNING:Xst:2677 - Node <eth_header_0_54> of sequential type is unconnected in block <read_buffer>.
WARNING:Xst:2677 - Node <eth_header_0_55> of sequential type is unconnected in block <read_buffer>.
WARNING:Xst:2677 - Node <eth_header_0_56> of sequential type is unconnected in block <read_buffer>.
WARNING:Xst:2677 - Node <eth_header_0_57> of sequential type is unconnected in block <read_buffer>.
WARNING:Xst:2677 - Node <eth_header_0_58> of sequential type is unconnected in block <read_buffer>.
WARNING:Xst:2677 - Node <eth_header_0_59> of sequential type is unconnected in block <read_buffer>.
WARNING:Xst:2677 - Node <eth_header_0_60> of sequential type is unconnected in block <read_buffer>.
WARNING:Xst:2677 - Node <eth_header_0_61> of sequential type is unconnected in block <read_buffer>.
WARNING:Xst:2677 - Node <eth_header_0_62> of sequential type is unconnected in block <read_buffer>.
WARNING:Xst:2677 - Node <eth_header_0_63> of sequential type is unconnected in block <read_buffer>.
WARNING:Xst:2677 - Node <eth_header_0_64> of sequential type is unconnected in block <read_buffer>.
WARNING:Xst:2677 - Node <eth_header_0_65> of sequential type is unconnected in block <read_buffer>.
WARNING:Xst:2677 - Node <eth_header_0_66> of sequential type is unconnected in block <read_buffer>.
WARNING:Xst:2677 - Node <eth_header_0_67> of sequential type is unconnected in block <read_buffer>.
WARNING:Xst:2677 - Node <eth_header_0_68> of sequential type is unconnected in block <read_buffer>.
WARNING:Xst:2677 - Node <eth_header_0_69> of sequential type is unconnected in block <read_buffer>.
WARNING:Xst:2677 - Node <eth_header_0_70> of sequential type is unconnected in block <read_buffer>.
WARNING:Xst:2677 - Node <eth_header_0_71> of sequential type is unconnected in block <read_buffer>.
WARNING:Xst:2677 - Node <eth_header_0_72> of sequential type is unconnected in block <read_buffer>.
WARNING:Xst:2677 - Node <eth_header_0_73> of sequential type is unconnected in block <read_buffer>.
WARNING:Xst:2677 - Node <eth_header_0_74> of sequential type is unconnected in block <read_buffer>.
WARNING:Xst:2677 - Node <eth_header_0_75> of sequential type is unconnected in block <read_buffer>.
WARNING:Xst:2677 - Node <eth_header_0_76> of sequential type is unconnected in block <read_buffer>.
WARNING:Xst:2677 - Node <eth_header_0_77> of sequential type is unconnected in block <read_buffer>.
WARNING:Xst:2677 - Node <eth_header_0_78> of sequential type is unconnected in block <read_buffer>.
WARNING:Xst:2677 - Node <eth_header_0_79> of sequential type is unconnected in block <read_buffer>.
WARNING:Xst:2677 - Node <eth_header_0_80> of sequential type is unconnected in block <read_buffer>.
WARNING:Xst:2677 - Node <eth_header_0_81> of sequential type is unconnected in block <read_buffer>.
WARNING:Xst:2677 - Node <eth_header_0_82> of sequential type is unconnected in block <read_buffer>.
WARNING:Xst:2677 - Node <eth_header_0_83> of sequential type is unconnected in block <read_buffer>.
WARNING:Xst:2677 - Node <eth_header_0_84> of sequential type is unconnected in block <read_buffer>.
WARNING:Xst:2677 - Node <eth_header_0_85> of sequential type is unconnected in block <read_buffer>.
WARNING:Xst:2677 - Node <eth_header_0_86> of sequential type is unconnected in block <read_buffer>.
WARNING:Xst:2677 - Node <eth_header_0_87> of sequential type is unconnected in block <read_buffer>.
WARNING:Xst:2677 - Node <eth_header_0_88> of sequential type is unconnected in block <read_buffer>.
WARNING:Xst:2677 - Node <eth_header_0_89> of sequential type is unconnected in block <read_buffer>.
WARNING:Xst:2677 - Node <eth_header_0_90> of sequential type is unconnected in block <read_buffer>.
WARNING:Xst:2677 - Node <eth_header_0_91> of sequential type is unconnected in block <read_buffer>.
WARNING:Xst:2677 - Node <eth_header_0_92> of sequential type is unconnected in block <read_buffer>.
WARNING:Xst:2677 - Node <eth_header_0_93> of sequential type is unconnected in block <read_buffer>.
WARNING:Xst:2677 - Node <eth_header_0_94> of sequential type is unconnected in block <read_buffer>.
WARNING:Xst:2677 - Node <eth_header_0_95> of sequential type is unconnected in block <read_buffer>.
WARNING:Xst:2677 - Node <ip_header_0_8> of sequential type is unconnected in block <read_buffer>.
WARNING:Xst:2677 - Node <ip_header_0_9> of sequential type is unconnected in block <read_buffer>.
WARNING:Xst:2677 - Node <ip_header_0_10> of sequential type is unconnected in block <read_buffer>.
WARNING:Xst:2677 - Node <ip_header_0_11> of sequential type is unconnected in block <read_buffer>.
WARNING:Xst:2677 - Node <ip_header_0_12> of sequential type is unconnected in block <read_buffer>.
WARNING:Xst:2677 - Node <ip_header_0_13> of sequential type is unconnected in block <read_buffer>.
WARNING:Xst:2677 - Node <ip_header_0_14> of sequential type is unconnected in block <read_buffer>.
WARNING:Xst:2677 - Node <ip_header_0_15> of sequential type is unconnected in block <read_buffer>.
WARNING:Xst:2677 - Node <ip_header_0_16> of sequential type is unconnected in block <read_buffer>.
WARNING:Xst:2677 - Node <ip_header_0_17> of sequential type is unconnected in block <read_buffer>.
WARNING:Xst:2677 - Node <ip_header_0_18> of sequential type is unconnected in block <read_buffer>.
WARNING:Xst:2677 - Node <ip_header_0_19> of sequential type is unconnected in block <read_buffer>.
WARNING:Xst:2677 - Node <ip_header_0_20> of sequential type is unconnected in block <read_buffer>.
WARNING:Xst:2677 - Node <ip_header_0_21> of sequential type is unconnected in block <read_buffer>.
WARNING:Xst:2677 - Node <ip_header_0_22> of sequential type is unconnected in block <read_buffer>.
WARNING:Xst:2677 - Node <ip_header_0_23> of sequential type is unconnected in block <read_buffer>.
WARNING:Xst:2677 - Node <ip_header_0_24> of sequential type is unconnected in block <read_buffer>.
WARNING:Xst:2677 - Node <ip_header_0_25> of sequential type is unconnected in block <read_buffer>.
WARNING:Xst:2677 - Node <ip_header_0_26> of sequential type is unconnected in block <read_buffer>.
WARNING:Xst:2677 - Node <ip_header_0_27> of sequential type is unconnected in block <read_buffer>.
WARNING:Xst:2677 - Node <ip_header_0_28> of sequential type is unconnected in block <read_buffer>.
WARNING:Xst:2677 - Node <ip_header_0_29> of sequential type is unconnected in block <read_buffer>.
WARNING:Xst:2677 - Node <ip_header_0_30> of sequential type is unconnected in block <read_buffer>.
WARNING:Xst:2677 - Node <ip_header_0_31> of sequential type is unconnected in block <read_buffer>.
WARNING:Xst:2677 - Node <ip_header_0_48> of sequential type is unconnected in block <read_buffer>.
WARNING:Xst:2677 - Node <ip_header_0_49> of sequential type is unconnected in block <read_buffer>.
WARNING:Xst:2677 - Node <ip_header_0_50> of sequential type is unconnected in block <read_buffer>.
WARNING:Xst:2677 - Node <ip_header_0_51> of sequential type is unconnected in block <read_buffer>.
WARNING:Xst:2677 - Node <ip_header_0_52> of sequential type is unconnected in block <read_buffer>.
WARNING:Xst:2677 - Node <ip_header_0_53> of sequential type is unconnected in block <read_buffer>.
WARNING:Xst:2677 - Node <ip_header_0_54> of sequential type is unconnected in block <read_buffer>.
WARNING:Xst:2677 - Node <ip_header_0_55> of sequential type is unconnected in block <read_buffer>.
WARNING:Xst:2677 - Node <ip_header_0_56> of sequential type is unconnected in block <read_buffer>.
WARNING:Xst:2677 - Node <ip_header_0_57> of sequential type is unconnected in block <read_buffer>.
WARNING:Xst:2677 - Node <ip_header_0_58> of sequential type is unconnected in block <read_buffer>.
WARNING:Xst:2677 - Node <ip_header_0_59> of sequential type is unconnected in block <read_buffer>.
WARNING:Xst:2677 - Node <ip_header_0_60> of sequential type is unconnected in block <read_buffer>.
WARNING:Xst:2677 - Node <ip_header_0_61> of sequential type is unconnected in block <read_buffer>.
WARNING:Xst:2677 - Node <ip_header_0_62> of sequential type is unconnected in block <read_buffer>.
WARNING:Xst:2677 - Node <ip_header_0_63> of sequential type is unconnected in block <read_buffer>.
WARNING:Xst:2677 - Node <ip_header_0_64> of sequential type is unconnected in block <read_buffer>.
WARNING:Xst:2677 - Node <ip_header_0_65> of sequential type is unconnected in block <read_buffer>.
WARNING:Xst:2677 - Node <ip_header_0_66> of sequential type is unconnected in block <read_buffer>.
WARNING:Xst:2677 - Node <ip_header_0_67> of sequential type is unconnected in block <read_buffer>.
WARNING:Xst:2677 - Node <ip_header_0_68> of sequential type is unconnected in block <read_buffer>.
WARNING:Xst:2677 - Node <ip_header_0_69> of sequential type is unconnected in block <read_buffer>.
WARNING:Xst:2677 - Node <ip_header_0_70> of sequential type is unconnected in block <read_buffer>.
WARNING:Xst:2677 - Node <ip_header_0_71> of sequential type is unconnected in block <read_buffer>.
WARNING:Xst:2677 - Node <ip_header_0_80> of sequential type is unconnected in block <read_buffer>.
WARNING:Xst:2677 - Node <ip_header_0_81> of sequential type is unconnected in block <read_buffer>.
WARNING:Xst:2677 - Node <ip_header_0_82> of sequential type is unconnected in block <read_buffer>.
WARNING:Xst:2677 - Node <ip_header_0_83> of sequential type is unconnected in block <read_buffer>.
WARNING:Xst:2677 - Node <ip_header_0_84> of sequential type is unconnected in block <read_buffer>.
WARNING:Xst:2677 - Node <ip_header_0_85> of sequential type is unconnected in block <read_buffer>.
WARNING:Xst:2677 - Node <ip_header_0_86> of sequential type is unconnected in block <read_buffer>.
WARNING:Xst:2677 - Node <ip_header_0_87> of sequential type is unconnected in block <read_buffer>.
WARNING:Xst:2677 - Node <ip_header_0_88> of sequential type is unconnected in block <read_buffer>.
WARNING:Xst:2677 - Node <ip_header_0_89> of sequential type is unconnected in block <read_buffer>.
WARNING:Xst:2677 - Node <ip_header_0_90> of sequential type is unconnected in block <read_buffer>.
WARNING:Xst:2677 - Node <ip_header_0_91> of sequential type is unconnected in block <read_buffer>.
WARNING:Xst:2677 - Node <ip_header_0_92> of sequential type is unconnected in block <read_buffer>.
WARNING:Xst:2677 - Node <ip_header_0_93> of sequential type is unconnected in block <read_buffer>.
WARNING:Xst:2677 - Node <ip_header_0_94> of sequential type is unconnected in block <read_buffer>.
WARNING:Xst:2677 - Node <ip_header_0_95> of sequential type is unconnected in block <read_buffer>.
WARNING:Xst:2677 - Node <tcp_header_0_96> of sequential type is unconnected in block <read_buffer>.
WARNING:Xst:2677 - Node <tcp_header_0_97> of sequential type is unconnected in block <read_buffer>.
WARNING:Xst:2677 - Node <tcp_header_0_98> of sequential type is unconnected in block <read_buffer>.
WARNING:Xst:2677 - Node <tcp_header_0_99> of sequential type is unconnected in block <read_buffer>.
WARNING:Xst:2677 - Node <tcp_header_0_100> of sequential type is unconnected in block <read_buffer>.
WARNING:Xst:2677 - Node <tcp_header_0_101> of sequential type is unconnected in block <read_buffer>.
WARNING:Xst:2677 - Node <tcp_header_0_102> of sequential type is unconnected in block <read_buffer>.
WARNING:Xst:2677 - Node <tcp_header_0_103> of sequential type is unconnected in block <read_buffer>.
WARNING:Xst:2677 - Node <tcp_header_0_128> of sequential type is unconnected in block <read_buffer>.
WARNING:Xst:2677 - Node <tcp_header_0_129> of sequential type is unconnected in block <read_buffer>.
WARNING:Xst:2677 - Node <tcp_header_0_130> of sequential type is unconnected in block <read_buffer>.
WARNING:Xst:2677 - Node <tcp_header_0_131> of sequential type is unconnected in block <read_buffer>.
WARNING:Xst:2677 - Node <tcp_header_0_132> of sequential type is unconnected in block <read_buffer>.
WARNING:Xst:2677 - Node <tcp_header_0_133> of sequential type is unconnected in block <read_buffer>.
WARNING:Xst:2677 - Node <tcp_header_0_134> of sequential type is unconnected in block <read_buffer>.
WARNING:Xst:2677 - Node <tcp_header_0_135> of sequential type is unconnected in block <read_buffer>.
WARNING:Xst:2677 - Node <tcp_header_0_136> of sequential type is unconnected in block <read_buffer>.
WARNING:Xst:2677 - Node <tcp_header_0_137> of sequential type is unconnected in block <read_buffer>.
WARNING:Xst:2677 - Node <tcp_header_0_138> of sequential type is unconnected in block <read_buffer>.
WARNING:Xst:2677 - Node <tcp_header_0_139> of sequential type is unconnected in block <read_buffer>.
WARNING:Xst:2677 - Node <tcp_header_0_140> of sequential type is unconnected in block <read_buffer>.
WARNING:Xst:2677 - Node <tcp_header_0_141> of sequential type is unconnected in block <read_buffer>.
WARNING:Xst:2677 - Node <tcp_header_0_142> of sequential type is unconnected in block <read_buffer>.
WARNING:Xst:2677 - Node <tcp_header_0_143> of sequential type is unconnected in block <read_buffer>.
WARNING:Xst:2677 - Node <tcp_header_0_144> of sequential type is unconnected in block <read_buffer>.
WARNING:Xst:2677 - Node <tcp_header_0_145> of sequential type is unconnected in block <read_buffer>.
WARNING:Xst:2677 - Node <tcp_header_0_146> of sequential type is unconnected in block <read_buffer>.
WARNING:Xst:2677 - Node <tcp_header_0_147> of sequential type is unconnected in block <read_buffer>.
WARNING:Xst:2677 - Node <tcp_header_0_148> of sequential type is unconnected in block <read_buffer>.
WARNING:Xst:2677 - Node <tcp_header_0_149> of sequential type is unconnected in block <read_buffer>.
WARNING:Xst:2677 - Node <tcp_header_0_150> of sequential type is unconnected in block <read_buffer>.
WARNING:Xst:2677 - Node <tcp_header_0_151> of sequential type is unconnected in block <read_buffer>.
WARNING:Xst:2677 - Node <tcp_header_0_152> of sequential type is unconnected in block <read_buffer>.
WARNING:Xst:2677 - Node <tcp_header_0_153> of sequential type is unconnected in block <read_buffer>.
WARNING:Xst:2677 - Node <tcp_header_0_154> of sequential type is unconnected in block <read_buffer>.
WARNING:Xst:2677 - Node <tcp_header_0_155> of sequential type is unconnected in block <read_buffer>.
WARNING:Xst:2677 - Node <tcp_header_0_156> of sequential type is unconnected in block <read_buffer>.
WARNING:Xst:2677 - Node <tcp_header_0_157> of sequential type is unconnected in block <read_buffer>.
WARNING:Xst:2677 - Node <tcp_header_0_158> of sequential type is unconnected in block <read_buffer>.
WARNING:Xst:2677 - Node <tcp_header_0_159> of sequential type is unconnected in block <read_buffer>.
WARNING:Xst:2677 - Node <fp_send_buffer_24> of sequential type is unconnected in block <top_wrapper>.
WARNING:Xst:2677 - Node <fp_send_buffer_25> of sequential type is unconnected in block <top_wrapper>.
WARNING:Xst:2677 - Node <fp_send_buffer_26> of sequential type is unconnected in block <top_wrapper>.
WARNING:Xst:2677 - Node <fp_send_buffer_27> of sequential type is unconnected in block <top_wrapper>.
WARNING:Xst:2677 - Node <fp_send_buffer_28> of sequential type is unconnected in block <top_wrapper>.
WARNING:Xst:2677 - Node <fp_send_buffer_29> of sequential type is unconnected in block <top_wrapper>.
WARNING:Xst:2677 - Node <fp_send_buffer_30> of sequential type is unconnected in block <top_wrapper>.
WARNING:Xst:2677 - Node <fp_send_buffer_31> of sequential type is unconnected in block <top_wrapper>.
WARNING:Xst:2677 - Node <fp_send_buffer_32> of sequential type is unconnected in block <top_wrapper>.
WARNING:Xst:2677 - Node <fp_send_buffer_33> of sequential type is unconnected in block <top_wrapper>.
WARNING:Xst:2677 - Node <fp_send_buffer_34> of sequential type is unconnected in block <top_wrapper>.
WARNING:Xst:2677 - Node <fp_send_buffer_35> of sequential type is unconnected in block <top_wrapper>.
WARNING:Xst:2677 - Node <fp_send_buffer_36> of sequential type is unconnected in block <top_wrapper>.
WARNING:Xst:2677 - Node <fp_send_buffer_37> of sequential type is unconnected in block <top_wrapper>.
WARNING:Xst:2677 - Node <fp_send_buffer_38> of sequential type is unconnected in block <top_wrapper>.
WARNING:Xst:2677 - Node <fp_send_buffer_39> of sequential type is unconnected in block <top_wrapper>.
WARNING:Xst:2677 - Node <fp_send_buffer_40> of sequential type is unconnected in block <top_wrapper>.
WARNING:Xst:2677 - Node <fp_send_buffer_41> of sequential type is unconnected in block <top_wrapper>.
WARNING:Xst:2677 - Node <fp_send_buffer_42> of sequential type is unconnected in block <top_wrapper>.
WARNING:Xst:2677 - Node <fp_send_buffer_43> of sequential type is unconnected in block <top_wrapper>.
WARNING:Xst:2677 - Node <fp_send_buffer_44> of sequential type is unconnected in block <top_wrapper>.
WARNING:Xst:2677 - Node <fp_send_buffer_45> of sequential type is unconnected in block <top_wrapper>.
WARNING:Xst:2677 - Node <fp_send_buffer_46> of sequential type is unconnected in block <top_wrapper>.
WARNING:Xst:2677 - Node <fp_send_buffer_47> of sequential type is unconnected in block <top_wrapper>.
WARNING:Xst:2677 - Node <fp_send_buffer_48> of sequential type is unconnected in block <top_wrapper>.
WARNING:Xst:2677 - Node <fp_send_buffer_49> of sequential type is unconnected in block <top_wrapper>.
WARNING:Xst:2677 - Node <fp_send_buffer_50> of sequential type is unconnected in block <top_wrapper>.
WARNING:Xst:2677 - Node <fp_send_buffer_51> of sequential type is unconnected in block <top_wrapper>.
WARNING:Xst:2677 - Node <fp_send_buffer_52> of sequential type is unconnected in block <top_wrapper>.
WARNING:Xst:2677 - Node <fp_send_buffer_53> of sequential type is unconnected in block <top_wrapper>.
WARNING:Xst:2677 - Node <fp_send_buffer_54> of sequential type is unconnected in block <top_wrapper>.
WARNING:Xst:2677 - Node <fp_send_buffer_55> of sequential type is unconnected in block <top_wrapper>.
WARNING:Xst:2677 - Node <fp_send_buffer_56> of sequential type is unconnected in block <top_wrapper>.
WARNING:Xst:2677 - Node <fp_send_buffer_57> of sequential type is unconnected in block <top_wrapper>.
WARNING:Xst:2677 - Node <fp_send_buffer_58> of sequential type is unconnected in block <top_wrapper>.
WARNING:Xst:2677 - Node <fp_send_buffer_59> of sequential type is unconnected in block <top_wrapper>.
WARNING:Xst:2677 - Node <fp_send_buffer_60> of sequential type is unconnected in block <top_wrapper>.
WARNING:Xst:2677 - Node <fp_send_buffer_61> of sequential type is unconnected in block <top_wrapper>.
WARNING:Xst:2677 - Node <fp_send_buffer_62> of sequential type is unconnected in block <top_wrapper>.
WARNING:Xst:2677 - Node <fp_send_buffer_63> of sequential type is unconnected in block <top_wrapper>.
WARNING:Xst:2677 - Node <fp_send_buffer_64> of sequential type is unconnected in block <top_wrapper>.
WARNING:Xst:2677 - Node <fp_send_buffer_65> of sequential type is unconnected in block <top_wrapper>.
WARNING:Xst:2677 - Node <fp_send_buffer_66> of sequential type is unconnected in block <top_wrapper>.
WARNING:Xst:2677 - Node <fp_send_buffer_67> of sequential type is unconnected in block <top_wrapper>.
WARNING:Xst:2677 - Node <fp_send_buffer_68> of sequential type is unconnected in block <top_wrapper>.
WARNING:Xst:2677 - Node <fp_send_buffer_69> of sequential type is unconnected in block <top_wrapper>.
WARNING:Xst:2677 - Node <fp_send_buffer_70> of sequential type is unconnected in block <top_wrapper>.
WARNING:Xst:2677 - Node <fp_send_buffer_71> of sequential type is unconnected in block <top_wrapper>.
WARNING:Xst:2677 - Node <fp_send_buffer_72> of sequential type is unconnected in block <top_wrapper>.
WARNING:Xst:2677 - Node <fp_send_buffer_73> of sequential type is unconnected in block <top_wrapper>.
WARNING:Xst:2677 - Node <fp_send_buffer_74> of sequential type is unconnected in block <top_wrapper>.
WARNING:Xst:2677 - Node <fp_send_buffer_75> of sequential type is unconnected in block <top_wrapper>.
WARNING:Xst:2677 - Node <fp_send_buffer_76> of sequential type is unconnected in block <top_wrapper>.
WARNING:Xst:2677 - Node <fp_send_buffer_77> of sequential type is unconnected in block <top_wrapper>.
WARNING:Xst:2677 - Node <fp_send_buffer_78> of sequential type is unconnected in block <top_wrapper>.
WARNING:Xst:2677 - Node <fp_send_buffer_79> of sequential type is unconnected in block <top_wrapper>.
WARNING:Xst:2677 - Node <fp_send_buffer_80> of sequential type is unconnected in block <top_wrapper>.
WARNING:Xst:2677 - Node <fp_send_buffer_81> of sequential type is unconnected in block <top_wrapper>.
WARNING:Xst:2677 - Node <fp_send_buffer_82> of sequential type is unconnected in block <top_wrapper>.
WARNING:Xst:2677 - Node <fp_send_buffer_83> of sequential type is unconnected in block <top_wrapper>.
WARNING:Xst:2677 - Node <fp_send_buffer_84> of sequential type is unconnected in block <top_wrapper>.
WARNING:Xst:2677 - Node <fp_send_buffer_85> of sequential type is unconnected in block <top_wrapper>.
WARNING:Xst:2677 - Node <fp_send_buffer_86> of sequential type is unconnected in block <top_wrapper>.
WARNING:Xst:2677 - Node <fp_send_buffer_87> of sequential type is unconnected in block <top_wrapper>.
WARNING:Xst:2677 - Node <fp_send_buffer_88> of sequential type is unconnected in block <top_wrapper>.
WARNING:Xst:2677 - Node <fp_send_buffer_89> of sequential type is unconnected in block <top_wrapper>.
WARNING:Xst:2677 - Node <fp_send_buffer_90> of sequential type is unconnected in block <top_wrapper>.
WARNING:Xst:2677 - Node <fp_send_buffer_91> of sequential type is unconnected in block <top_wrapper>.
WARNING:Xst:2677 - Node <fp_send_buffer_92> of sequential type is unconnected in block <top_wrapper>.
WARNING:Xst:2677 - Node <fp_send_buffer_93> of sequential type is unconnected in block <top_wrapper>.
WARNING:Xst:2677 - Node <fp_send_buffer_94> of sequential type is unconnected in block <top_wrapper>.
WARNING:Xst:2677 - Node <fp_send_buffer_95> of sequential type is unconnected in block <top_wrapper>.
WARNING:Xst:2677 - Node <fp_send_buffer_96> of sequential type is unconnected in block <top_wrapper>.
WARNING:Xst:2677 - Node <fp_send_buffer_97> of sequential type is unconnected in block <top_wrapper>.
WARNING:Xst:2677 - Node <fp_send_buffer_98> of sequential type is unconnected in block <top_wrapper>.
WARNING:Xst:2677 - Node <fp_send_buffer_99> of sequential type is unconnected in block <top_wrapper>.
WARNING:Xst:2677 - Node <fp_send_buffer_100> of sequential type is unconnected in block <top_wrapper>.
WARNING:Xst:2677 - Node <fp_send_buffer_101> of sequential type is unconnected in block <top_wrapper>.
WARNING:Xst:2677 - Node <fp_send_buffer_102> of sequential type is unconnected in block <top_wrapper>.
WARNING:Xst:2677 - Node <fp_send_buffer_103> of sequential type is unconnected in block <top_wrapper>.

=========================================================================
Advanced HDL Synthesis Report

Macro Statistics
# RAMs                                                 : 2
 128x455-bit dual-port distributed RAM                 : 1
 16x10-bit dual-port distributed RAM                   : 1
# Adders/Subtractors                                   : 11
 32-bit adder                                          : 1
 4-bit adder                                           : 1
 5-bit adder                                           : 2
 7-bit adder                                           : 1
 8-bit adder                                           : 4
 9-bit adder                                           : 1
 9-bit subtractor                                      : 1
# Counters                                             : 23
 11-bit up counter                                     : 1
 16-bit up counter                                     : 19
 3-bit up counter                                      : 1
 32-bit up counter                                     : 1
 8-bit up counter                                      : 1
# Accumulators                                         : 4
 5-bit up accumulator                                  : 2
 8-bit up accumulator                                  : 2
# Registers                                            : 4111
 Flip-Flops                                            : 4111
# Comparators                                          : 35
 11-bit comparator greater                             : 2
 11-bit comparator lessequal                           : 1
 16-bit comparator not equal                           : 18
 32-bit comparator greater                             : 2
 32-bit comparator lessequal                           : 4
 5-bit comparator equal                                : 2
 7-bit comparator greater                              : 1
 8-bit comparator equal                                : 2
 8-bit comparator lessequal                            : 3
# Multiplexers                                         : 698
 1-bit 2-to-1 multiplexer                              : 680
 1-bit 8-to-1 multiplexer                              : 1
 32-bit 2-to-1 multiplexer                             : 3
 4-bit 2-to-1 multiplexer                              : 3
 7-bit 2-to-1 multiplexer                              : 2
 8-bit 2-to-1 multiplexer                              : 7
 9-bit 2-to-1 multiplexer                              : 2
# Logic shifters                                       : 1
 911-bit shifter logical right                         : 1
# FSMs                                                 : 4
# Xors                                                 : 9
 16-bit xor2                                           : 2
 16-bit xor4                                           : 1
 32-bit xor2                                           : 2
 5-bit xor2                                            : 2
 8-bit xor2                                            : 2

=========================================================================

=========================================================================
*                         Low Level Synthesis                           *
=========================================================================
Analyzing FSM <MFsm> for best encoding.
Optimizing FSM <inst_top/inst_mac/FSM_0> on signal <state[1:2]> with gray encoding.
-------------------
 State | Encoding
-------------------
 000   | 00
 001   | 01
 010   | 11
-------------------
Analyzing FSM <MFsm> for best encoding.
Optimizing FSM <inst_top/inst_mac/inst_read_buffer/FSM_1> on signal <current_state[1:2]> with user encoding.
-------------------
 State | Encoding
-------------------
 00    | 00
 01    | 01
 10    | 10
 11    | 11
-------------------
Analyzing FSM <MFsm> for best encoding.
Optimizing FSM <buffer_logger_inst/inst_pkt_logger/FSM_2> on signal <state[1:2]> with sequential encoding.
-------------------
 State | Encoding
-------------------
 000   | 00
 111   | 01
 001   | 10
-------------------
Analyzing FSM <MFsm> for best encoding.
Optimizing FSM <buffer_logger_inst/inst_pkt_logger/tx_inst/FSM_3> on signal <state[1:2]> with gray encoding.
-------------------
 State | Encoding
-------------------
 00    | 00
 01    | 01
 10    | 11
 11    | 10
-------------------
INFO:Xst:2261 - The FF/Latch <read_buffer_reset> in Unit <mac> is equivalent to the following FF/Latch, which will be removed : <async_accum_reset> 
INFO:Xst:2261 - The FF/Latch <wgray_4> in Unit <async_fifo_1> is equivalent to the following FF/Latch, which will be removed : <wbin_4> 
INFO:Xst:2261 - The FF/Latch <rgray_4> in Unit <async_fifo_1> is equivalent to the following FF/Latch, which will be removed : <rbin_4> 
INFO:Xst:2261 - The FF/Latch <wgray_7> in Unit <async_fifo_2> is equivalent to the following FF/Latch, which will be removed : <wbin_7> 
INFO:Xst:2261 - The FF/Latch <rgray_7> in Unit <async_fifo_2> is equivalent to the following FF/Latch, which will be removed : <rbin_7> 

Optimizing unit <top> ...

Optimizing unit <clk> ...

Optimizing unit <top_wrapper> ...

Optimizing unit <mac> ...

Optimizing unit <accumulator> ...

Optimizing unit <allignment> ...

Optimizing unit <synchronizer_1> ...

Optimizing unit <link_speed_detector> ...

Optimizing unit <synchronizer_2> ...

Optimizing unit <async_fifo_1> ...

Optimizing unit <read_buffer> ...

Optimizing unit <preamble_detector> ...

Optimizing unit <fp_top> ...

Optimizing unit <gen_number_8> ...

Optimizing unit <gen_number_11> ...

Optimizing unit <gen_number_12> ...

Optimizing unit <gen_number_14> ...

Optimizing unit <gen_number_0> ...

Optimizing unit <gen_number_4> ...

Optimizing unit <gen_number_5> ...

Optimizing unit <gen_number_6> ...

Optimizing unit <gen_number_7> ...

Optimizing unit <gen_number_17> ...

Optimizing unit <gen_number_9> ...

Optimizing unit <gen_number_10> ...

Optimizing unit <gen_number_13> ...

Optimizing unit <gen_number_1> ...

Optimizing unit <gen_number_2> ...

Optimizing unit <gen_number_3> ...

Optimizing unit <gen_number_16> ...

Optimizing unit <gen_number_15> ...

Optimizing unit <buffer_packet_logger> ...

Optimizing unit <packet_logging> ...
WARNING:Xst:1710 - FF/Latch <byte_count_start_0> (without init value) has a constant value of 0 in block <packet_logging>. This FF/Latch will be trimmed during the optimization process.
WARNING:Xst:1895 - Due to other FF/Latch trimming, FF/Latch <byte_count_start_1> (without init value) has a constant value of 0 in block <packet_logging>. This FF/Latch will be trimmed during the optimization process.
WARNING:Xst:1895 - Due to other FF/Latch trimming, FF/Latch <byte_count_start_2> (without init value) has a constant value of 0 in block <packet_logging>. This FF/Latch will be trimmed during the optimization process.

Optimizing unit <uart_tx> ...

Optimizing unit <async_fifo_2> ...
WARNING:Xst:1710 - FF/Latch <in_data_buffer_455> (without init value) has a constant value of 0 in block <inst_pkt_logger>. This FF/Latch will be trimmed during the optimization process.
WARNING:Xst:2677 - Node <write_probe_0> of sequential type is unconnected in block <inst_async_fifo>.
WARNING:Xst:2677 - Node <write_probe_1> of sequential type is unconnected in block <inst_async_fifo>.
WARNING:Xst:2677 - Node <write_probe_2> of sequential type is unconnected in block <inst_async_fifo>.
WARNING:Xst:2677 - Node <write_probe_3> of sequential type is unconnected in block <inst_async_fifo>.
WARNING:Xst:2677 - Node <write_probe_4> of sequential type is unconnected in block <inst_async_fifo>.
WARNING:Xst:2677 - Node <write_probe_5> of sequential type is unconnected in block <inst_async_fifo>.
WARNING:Xst:2677 - Node <write_probe_6> of sequential type is unconnected in block <inst_async_fifo>.
WARNING:Xst:2677 - Node <write_probe_7> of sequential type is unconnected in block <inst_async_fifo>.
WARNING:Xst:2677 - Node <write_probe_8> of sequential type is unconnected in block <inst_async_fifo>.
WARNING:Xst:2677 - Node <write_probe_9> of sequential type is unconnected in block <inst_async_fifo>.
WARNING:Xst:2677 - Node <buffer_probe_0> of sequential type is unconnected in block <inst_read_buffer>.
WARNING:Xst:2677 - Node <buffer_probe_1> of sequential type is unconnected in block <inst_read_buffer>.
WARNING:Xst:2677 - Node <buffer_probe_2> of sequential type is unconnected in block <inst_read_buffer>.
WARNING:Xst:2677 - Node <buffer_probe_3> of sequential type is unconnected in block <inst_read_buffer>.
WARNING:Xst:2677 - Node <buffer_probe_4> of sequential type is unconnected in block <inst_read_buffer>.
WARNING:Xst:2677 - Node <buffer_probe_5> of sequential type is unconnected in block <inst_read_buffer>.
WARNING:Xst:2677 - Node <buffer_probe_6> of sequential type is unconnected in block <inst_read_buffer>.
WARNING:Xst:2677 - Node <buffer_probe_7> of sequential type is unconnected in block <inst_read_buffer>.
WARNING:Xst:2677 - Node <ip_header_0_96> of sequential type is unconnected in block <inst_read_buffer>.
WARNING:Xst:2677 - Node <ip_header_0_97> of sequential type is unconnected in block <inst_read_buffer>.
WARNING:Xst:2677 - Node <ip_header_0_98> of sequential type is unconnected in block <inst_read_buffer>.
WARNING:Xst:2677 - Node <ip_header_0_99> of sequential type is unconnected in block <inst_read_buffer>.
WARNING:Xst:2677 - Node <ip_header_0_100> of sequential type is unconnected in block <inst_read_buffer>.
WARNING:Xst:2677 - Node <ip_header_0_101> of sequential type is unconnected in block <inst_read_buffer>.
WARNING:Xst:2677 - Node <ip_header_0_102> of sequential type is unconnected in block <inst_read_buffer>.
WARNING:Xst:2677 - Node <ip_header_0_103> of sequential type is unconnected in block <inst_read_buffer>.
WARNING:Xst:2677 - Node <ip_header_0_104> of sequential type is unconnected in block <inst_read_buffer>.
WARNING:Xst:2677 - Node <ip_header_0_105> of sequential type is unconnected in block <inst_read_buffer>.
WARNING:Xst:2677 - Node <ip_header_0_106> of sequential type is unconnected in block <inst_read_buffer>.
WARNING:Xst:2677 - Node <ip_header_0_107> of sequential type is unconnected in block <inst_read_buffer>.
WARNING:Xst:2677 - Node <ip_header_0_108> of sequential type is unconnected in block <inst_read_buffer>.
WARNING:Xst:2677 - Node <ip_header_0_109> of sequential type is unconnected in block <inst_read_buffer>.
WARNING:Xst:2677 - Node <ip_header_0_110> of sequential type is unconnected in block <inst_read_buffer>.
WARNING:Xst:2677 - Node <ip_header_0_111> of sequential type is unconnected in block <inst_read_buffer>.
WARNING:Xst:2677 - Node <ip_header_0_112> of sequential type is unconnected in block <inst_read_buffer>.
WARNING:Xst:2677 - Node <ip_header_0_113> of sequential type is unconnected in block <inst_read_buffer>.
WARNING:Xst:2677 - Node <ip_header_0_114> of sequential type is unconnected in block <inst_read_buffer>.
WARNING:Xst:2677 - Node <ip_header_0_115> of sequential type is unconnected in block <inst_read_buffer>.
WARNING:Xst:2677 - Node <ip_header_0_116> of sequential type is unconnected in block <inst_read_buffer>.
WARNING:Xst:2677 - Node <ip_header_0_117> of sequential type is unconnected in block <inst_read_buffer>.
WARNING:Xst:2677 - Node <ip_header_0_118> of sequential type is unconnected in block <inst_read_buffer>.
WARNING:Xst:2677 - Node <ip_header_0_119> of sequential type is unconnected in block <inst_read_buffer>.
WARNING:Xst:2677 - Node <ip_header_0_120> of sequential type is unconnected in block <inst_read_buffer>.
WARNING:Xst:2677 - Node <ip_header_0_121> of sequential type is unconnected in block <inst_read_buffer>.
WARNING:Xst:2677 - Node <ip_header_0_122> of sequential type is unconnected in block <inst_read_buffer>.
WARNING:Xst:2677 - Node <ip_header_0_123> of sequential type is unconnected in block <inst_read_buffer>.
WARNING:Xst:2677 - Node <ip_header_0_124> of sequential type is unconnected in block <inst_read_buffer>.
WARNING:Xst:2677 - Node <ip_header_0_125> of sequential type is unconnected in block <inst_read_buffer>.
WARNING:Xst:2677 - Node <ip_header_0_126> of sequential type is unconnected in block <inst_read_buffer>.
WARNING:Xst:2677 - Node <ip_header_0_127> of sequential type is unconnected in block <inst_read_buffer>.
WARNING:Xst:2677 - Node <tcp_header_0_104> of sequential type is unconnected in block <inst_read_buffer>.
WARNING:Xst:2677 - Node <tcp_header_0_106> of sequential type is unconnected in block <inst_read_buffer>.
WARNING:Xst:2677 - Node <tcp_header_0_107> of sequential type is unconnected in block <inst_read_buffer>.
WARNING:Xst:2677 - Node <tcp_header_0_108> of sequential type is unconnected in block <inst_read_buffer>.
WARNING:Xst:2677 - Node <tcp_header_0_109> of sequential type is unconnected in block <inst_read_buffer>.
WARNING:Xst:2677 - Node <tcp_header_0_110> of sequential type is unconnected in block <inst_read_buffer>.
WARNING:Xst:2677 - Node <tcp_header_0_111> of sequential type is unconnected in block <inst_read_buffer>.
WARNING:Xst:2677 - Node <ip_src_0> of sequential type is unconnected in block <inst_read_buffer>.
WARNING:Xst:2677 - Node <ip_src_1> of sequential type is unconnected in block <inst_read_buffer>.
WARNING:Xst:2677 - Node <ip_src_2> of sequential type is unconnected in block <inst_read_buffer>.
WARNING:Xst:2677 - Node <ip_src_3> of sequential type is unconnected in block <inst_read_buffer>.
WARNING:Xst:2677 - Node <ip_src_4> of sequential type is unconnected in block <inst_read_buffer>.
WARNING:Xst:2677 - Node <ip_src_5> of sequential type is unconnected in block <inst_read_buffer>.
WARNING:Xst:2677 - Node <ip_src_6> of sequential type is unconnected in block <inst_read_buffer>.
WARNING:Xst:2677 - Node <ip_src_7> of sequential type is unconnected in block <inst_read_buffer>.
WARNING:Xst:2677 - Node <ip_src_8> of sequential type is unconnected in block <inst_read_buffer>.
WARNING:Xst:2677 - Node <ip_src_9> of sequential type is unconnected in block <inst_read_buffer>.
WARNING:Xst:2677 - Node <ip_src_10> of sequential type is unconnected in block <inst_read_buffer>.
WARNING:Xst:2677 - Node <ip_src_11> of sequential type is unconnected in block <inst_read_buffer>.
WARNING:Xst:2677 - Node <ip_src_12> of sequential type is unconnected in block <inst_read_buffer>.
WARNING:Xst:2677 - Node <ip_src_13> of sequential type is unconnected in block <inst_read_buffer>.
WARNING:Xst:2677 - Node <ip_src_14> of sequential type is unconnected in block <inst_read_buffer>.
WARNING:Xst:2677 - Node <ip_src_15> of sequential type is unconnected in block <inst_read_buffer>.
WARNING:Xst:2677 - Node <ip_src_16> of sequential type is unconnected in block <inst_read_buffer>.
WARNING:Xst:2677 - Node <ip_src_17> of sequential type is unconnected in block <inst_read_buffer>.
WARNING:Xst:2677 - Node <ip_src_18> of sequential type is unconnected in block <inst_read_buffer>.
WARNING:Xst:2677 - Node <ip_src_19> of sequential type is unconnected in block <inst_read_buffer>.
WARNING:Xst:2677 - Node <ip_src_20> of sequential type is unconnected in block <inst_read_buffer>.
WARNING:Xst:2677 - Node <ip_src_21> of sequential type is unconnected in block <inst_read_buffer>.
WARNING:Xst:2677 - Node <ip_src_22> of sequential type is unconnected in block <inst_read_buffer>.
WARNING:Xst:2677 - Node <ip_src_23> of sequential type is unconnected in block <inst_read_buffer>.
WARNING:Xst:2677 - Node <ip_src_24> of sequential type is unconnected in block <inst_read_buffer>.
WARNING:Xst:2677 - Node <ip_src_25> of sequential type is unconnected in block <inst_read_buffer>.
WARNING:Xst:2677 - Node <ip_src_26> of sequential type is unconnected in block <inst_read_buffer>.
WARNING:Xst:2677 - Node <ip_src_27> of sequential type is unconnected in block <inst_read_buffer>.
WARNING:Xst:2677 - Node <ip_src_28> of sequential type is unconnected in block <inst_read_buffer>.
WARNING:Xst:2677 - Node <ip_src_29> of sequential type is unconnected in block <inst_read_buffer>.
WARNING:Xst:2677 - Node <ip_src_30> of sequential type is unconnected in block <inst_read_buffer>.
WARNING:Xst:2677 - Node <ip_src_31> of sequential type is unconnected in block <inst_read_buffer>.
WARNING:Xst:2677 - Node <tcp_flags_0> of sequential type is unconnected in block <inst_read_buffer>.
WARNING:Xst:2677 - Node <tcp_flags_2> of sequential type is unconnected in block <inst_read_buffer>.
WARNING:Xst:2677 - Node <tcp_flags_3> of sequential type is unconnected in block <inst_read_buffer>.
WARNING:Xst:2677 - Node <tcp_flags_4> of sequential type is unconnected in block <inst_read_buffer>.
WARNING:Xst:2677 - Node <tcp_flags_5> of sequential type is unconnected in block <inst_read_buffer>.
WARNING:Xst:2677 - Node <tcp_flags_6> of sequential type is unconnected in block <inst_read_buffer>.
WARNING:Xst:2677 - Node <tcp_flags_7> of sequential type is unconnected in block <inst_read_buffer>.
WARNING:Xst:2677 - Node <busy> of sequential type is unconnected in block <tx_inst>.
WARNING:Xst:2677 - Node <write_probe_0> of sequential type is unconnected in block <inst_async_fifo_buffer>.
WARNING:Xst:2677 - Node <write_probe_1> of sequential type is unconnected in block <inst_async_fifo_buffer>.
WARNING:Xst:2677 - Node <write_probe_2> of sequential type is unconnected in block <inst_async_fifo_buffer>.
WARNING:Xst:2677 - Node <write_probe_3> of sequential type is unconnected in block <inst_async_fifo_buffer>.
WARNING:Xst:2677 - Node <write_probe_4> of sequential type is unconnected in block <inst_async_fifo_buffer>.
WARNING:Xst:2677 - Node <write_probe_5> of sequential type is unconnected in block <inst_async_fifo_buffer>.
WARNING:Xst:2677 - Node <write_probe_6> of sequential type is unconnected in block <inst_async_fifo_buffer>.
WARNING:Xst:2677 - Node <write_probe_7> of sequential type is unconnected in block <inst_async_fifo_buffer>.
WARNING:Xst:2677 - Node <write_probe_8> of sequential type is unconnected in block <inst_async_fifo_buffer>.
WARNING:Xst:2677 - Node <write_probe_9> of sequential type is unconnected in block <inst_async_fifo_buffer>.
WARNING:Xst:2677 - Node <write_probe_10> of sequential type is unconnected in block <inst_async_fifo_buffer>.
WARNING:Xst:2677 - Node <write_probe_11> of sequential type is unconnected in block <inst_async_fifo_buffer>.
WARNING:Xst:2677 - Node <write_probe_12> of sequential type is unconnected in block <inst_async_fifo_buffer>.
WARNING:Xst:2677 - Node <write_probe_13> of sequential type is unconnected in block <inst_async_fifo_buffer>.
WARNING:Xst:2677 - Node <write_probe_14> of sequential type is unconnected in block <inst_async_fifo_buffer>.
WARNING:Xst:2677 - Node <write_probe_15> of sequential type is unconnected in block <inst_async_fifo_buffer>.
WARNING:Xst:2677 - Node <write_probe_16> of sequential type is unconnected in block <inst_async_fifo_buffer>.
WARNING:Xst:2677 - Node <write_probe_17> of sequential type is unconnected in block <inst_async_fifo_buffer>.
WARNING:Xst:2677 - Node <write_probe_18> of sequential type is unconnected in block <inst_async_fifo_buffer>.
WARNING:Xst:2677 - Node <write_probe_19> of sequential type is unconnected in block <inst_async_fifo_buffer>.
WARNING:Xst:2677 - Node <write_probe_20> of sequential type is unconnected in block <inst_async_fifo_buffer>.
WARNING:Xst:2677 - Node <write_probe_21> of sequential type is unconnected in block <inst_async_fifo_buffer>.
WARNING:Xst:2677 - Node <write_probe_22> of sequential type is unconnected in block <inst_async_fifo_buffer>.
WARNING:Xst:2677 - Node <write_probe_23> of sequential type is unconnected in block <inst_async_fifo_buffer>.
WARNING:Xst:2677 - Node <write_probe_24> of sequential type is unconnected in block <inst_async_fifo_buffer>.
WARNING:Xst:2677 - Node <write_probe_25> of sequential type is unconnected in block <inst_async_fifo_buffer>.
WARNING:Xst:2677 - Node <write_probe_26> of sequential type is unconnected in block <inst_async_fifo_buffer>.
WARNING:Xst:2677 - Node <write_probe_27> of sequential type is unconnected in block <inst_async_fifo_buffer>.
WARNING:Xst:2677 - Node <write_probe_28> of sequential type is unconnected in block <inst_async_fifo_buffer>.
WARNING:Xst:2677 - Node <write_probe_29> of sequential type is unconnected in block <inst_async_fifo_buffer>.
WARNING:Xst:2677 - Node <write_probe_30> of sequential type is unconnected in block <inst_async_fifo_buffer>.
WARNING:Xst:2677 - Node <write_probe_31> of sequential type is unconnected in block <inst_async_fifo_buffer>.
WARNING:Xst:2677 - Node <write_probe_32> of sequential type is unconnected in block <inst_async_fifo_buffer>.
WARNING:Xst:2677 - Node <write_probe_33> of sequential type is unconnected in block <inst_async_fifo_buffer>.
WARNING:Xst:2677 - Node <write_probe_34> of sequential type is unconnected in block <inst_async_fifo_buffer>.
WARNING:Xst:2677 - Node <write_probe_35> of sequential type is unconnected in block <inst_async_fifo_buffer>.
WARNING:Xst:2677 - Node <write_probe_36> of sequential type is unconnected in block <inst_async_fifo_buffer>.
WARNING:Xst:2677 - Node <write_probe_37> of sequential type is unconnected in block <inst_async_fifo_buffer>.
WARNING:Xst:2677 - Node <write_probe_38> of sequential type is unconnected in block <inst_async_fifo_buffer>.
WARNING:Xst:2677 - Node <write_probe_39> of sequential type is unconnected in block <inst_async_fifo_buffer>.
WARNING:Xst:2677 - Node <write_probe_40> of sequential type is unconnected in block <inst_async_fifo_buffer>.
WARNING:Xst:2677 - Node <write_probe_41> of sequential type is unconnected in block <inst_async_fifo_buffer>.
WARNING:Xst:2677 - Node <write_probe_42> of sequential type is unconnected in block <inst_async_fifo_buffer>.
WARNING:Xst:2677 - Node <write_probe_43> of sequential type is unconnected in block <inst_async_fifo_buffer>.
WARNING:Xst:2677 - Node <write_probe_44> of sequential type is unconnected in block <inst_async_fifo_buffer>.
WARNING:Xst:2677 - Node <write_probe_45> of sequential type is unconnected in block <inst_async_fifo_buffer>.
WARNING:Xst:2677 - Node <write_probe_46> of sequential type is unconnected in block <inst_async_fifo_buffer>.
WARNING:Xst:2677 - Node <write_probe_47> of sequential type is unconnected in block <inst_async_fifo_buffer>.
WARNING:Xst:2677 - Node <write_probe_48> of sequential type is unconnected in block <inst_async_fifo_buffer>.
WARNING:Xst:2677 - Node <write_probe_49> of sequential type is unconnected in block <inst_async_fifo_buffer>.
WARNING:Xst:2677 - Node <write_probe_50> of sequential type is unconnected in block <inst_async_fifo_buffer>.
WARNING:Xst:2677 - Node <write_probe_51> of sequential type is unconnected in block <inst_async_fifo_buffer>.
WARNING:Xst:2677 - Node <write_probe_52> of sequential type is unconnected in block <inst_async_fifo_buffer>.
WARNING:Xst:2677 - Node <write_probe_53> of sequential type is unconnected in block <inst_async_fifo_buffer>.
WARNING:Xst:2677 - Node <write_probe_54> of sequential type is unconnected in block <inst_async_fifo_buffer>.
WARNING:Xst:2677 - Node <write_probe_55> of sequential type is unconnected in block <inst_async_fifo_buffer>.
WARNING:Xst:2677 - Node <write_probe_56> of sequential type is unconnected in block <inst_async_fifo_buffer>.
WARNING:Xst:2677 - Node <write_probe_57> of sequential type is unconnected in block <inst_async_fifo_buffer>.
WARNING:Xst:2677 - Node <write_probe_58> of sequential type is unconnected in block <inst_async_fifo_buffer>.
WARNING:Xst:2677 - Node <write_probe_59> of sequential type is unconnected in block <inst_async_fifo_buffer>.
WARNING:Xst:2677 - Node <write_probe_60> of sequential type is unconnected in block <inst_async_fifo_buffer>.
WARNING:Xst:2677 - Node <write_probe_61> of sequential type is unconnected in block <inst_async_fifo_buffer>.
WARNING:Xst:2677 - Node <write_probe_62> of sequential type is unconnected in block <inst_async_fifo_buffer>.
WARNING:Xst:2677 - Node <write_probe_63> of sequential type is unconnected in block <inst_async_fifo_buffer>.
WARNING:Xst:2677 - Node <write_probe_64> of sequential type is unconnected in block <inst_async_fifo_buffer>.
WARNING:Xst:2677 - Node <write_probe_65> of sequential type is unconnected in block <inst_async_fifo_buffer>.
WARNING:Xst:2677 - Node <write_probe_66> of sequential type is unconnected in block <inst_async_fifo_buffer>.
WARNING:Xst:2677 - Node <write_probe_67> of sequential type is unconnected in block <inst_async_fifo_buffer>.
WARNING:Xst:2677 - Node <write_probe_68> of sequential type is unconnected in block <inst_async_fifo_buffer>.
WARNING:Xst:2677 - Node <write_probe_69> of sequential type is unconnected in block <inst_async_fifo_buffer>.
WARNING:Xst:2677 - Node <write_probe_70> of sequential type is unconnected in block <inst_async_fifo_buffer>.
WARNING:Xst:2677 - Node <write_probe_71> of sequential type is unconnected in block <inst_async_fifo_buffer>.
WARNING:Xst:2677 - Node <write_probe_72> of sequential type is unconnected in block <inst_async_fifo_buffer>.
WARNING:Xst:2677 - Node <write_probe_73> of sequential type is unconnected in block <inst_async_fifo_buffer>.
WARNING:Xst:2677 - Node <write_probe_74> of sequential type is unconnected in block <inst_async_fifo_buffer>.
WARNING:Xst:2677 - Node <write_probe_75> of sequential type is unconnected in block <inst_async_fifo_buffer>.
WARNING:Xst:2677 - Node <write_probe_76> of sequential type is unconnected in block <inst_async_fifo_buffer>.
WARNING:Xst:2677 - Node <write_probe_77> of sequential type is unconnected in block <inst_async_fifo_buffer>.
WARNING:Xst:2677 - Node <write_probe_78> of sequential type is unconnected in block <inst_async_fifo_buffer>.
WARNING:Xst:2677 - Node <write_probe_79> of sequential type is unconnected in block <inst_async_fifo_buffer>.
WARNING:Xst:2677 - Node <write_probe_80> of sequential type is unconnected in block <inst_async_fifo_buffer>.
WARNING:Xst:2677 - Node <write_probe_81> of sequential type is unconnected in block <inst_async_fifo_buffer>.
WARNING:Xst:2677 - Node <write_probe_82> of sequential type is unconnected in block <inst_async_fifo_buffer>.
WARNING:Xst:2677 - Node <write_probe_83> of sequential type is unconnected in block <inst_async_fifo_buffer>.
WARNING:Xst:2677 - Node <write_probe_84> of sequential type is unconnected in block <inst_async_fifo_buffer>.
WARNING:Xst:2677 - Node <write_probe_85> of sequential type is unconnected in block <inst_async_fifo_buffer>.
WARNING:Xst:2677 - Node <write_probe_86> of sequential type is unconnected in block <inst_async_fifo_buffer>.
WARNING:Xst:2677 - Node <write_probe_87> of sequential type is unconnected in block <inst_async_fifo_buffer>.
WARNING:Xst:2677 - Node <write_probe_88> of sequential type is unconnected in block <inst_async_fifo_buffer>.
WARNING:Xst:2677 - Node <write_probe_89> of sequential type is unconnected in block <inst_async_fifo_buffer>.
WARNING:Xst:2677 - Node <write_probe_90> of sequential type is unconnected in block <inst_async_fifo_buffer>.
WARNING:Xst:2677 - Node <write_probe_91> of sequential type is unconnected in block <inst_async_fifo_buffer>.
WARNING:Xst:2677 - Node <write_probe_92> of sequential type is unconnected in block <inst_async_fifo_buffer>.
WARNING:Xst:2677 - Node <write_probe_93> of sequential type is unconnected in block <inst_async_fifo_buffer>.
WARNING:Xst:2677 - Node <write_probe_94> of sequential type is unconnected in block <inst_async_fifo_buffer>.
WARNING:Xst:2677 - Node <write_probe_95> of sequential type is unconnected in block <inst_async_fifo_buffer>.
WARNING:Xst:2677 - Node <write_probe_96> of sequential type is unconnected in block <inst_async_fifo_buffer>.
WARNING:Xst:2677 - Node <write_probe_97> of sequential type is unconnected in block <inst_async_fifo_buffer>.
WARNING:Xst:2677 - Node <write_probe_98> of sequential type is unconnected in block <inst_async_fifo_buffer>.
WARNING:Xst:2677 - Node <write_probe_99> of sequential type is unconnected in block <inst_async_fifo_buffer>.
WARNING:Xst:2677 - Node <write_probe_100> of sequential type is unconnected in block <inst_async_fifo_buffer>.
WARNING:Xst:2677 - Node <write_probe_101> of sequential type is unconnected in block <inst_async_fifo_buffer>.
WARNING:Xst:2677 - Node <write_probe_102> of sequential type is unconnected in block <inst_async_fifo_buffer>.
WARNING:Xst:2677 - Node <write_probe_103> of sequential type is unconnected in block <inst_async_fifo_buffer>.
WARNING:Xst:2677 - Node <write_probe_104> of sequential type is unconnected in block <inst_async_fifo_buffer>.
WARNING:Xst:2677 - Node <write_probe_105> of sequential type is unconnected in block <inst_async_fifo_buffer>.
WARNING:Xst:2677 - Node <write_probe_106> of sequential type is unconnected in block <inst_async_fifo_buffer>.
WARNING:Xst:2677 - Node <write_probe_107> of sequential type is unconnected in block <inst_async_fifo_buffer>.
WARNING:Xst:2677 - Node <write_probe_108> of sequential type is unconnected in block <inst_async_fifo_buffer>.
WARNING:Xst:2677 - Node <write_probe_109> of sequential type is unconnected in block <inst_async_fifo_buffer>.
WARNING:Xst:2677 - Node <write_probe_110> of sequential type is unconnected in block <inst_async_fifo_buffer>.
WARNING:Xst:2677 - Node <write_probe_111> of sequential type is unconnected in block <inst_async_fifo_buffer>.
WARNING:Xst:2677 - Node <write_probe_112> of sequential type is unconnected in block <inst_async_fifo_buffer>.
WARNING:Xst:2677 - Node <write_probe_113> of sequential type is unconnected in block <inst_async_fifo_buffer>.
WARNING:Xst:2677 - Node <write_probe_114> of sequential type is unconnected in block <inst_async_fifo_buffer>.
WARNING:Xst:2677 - Node <write_probe_115> of sequential type is unconnected in block <inst_async_fifo_buffer>.
WARNING:Xst:2677 - Node <write_probe_116> of sequential type is unconnected in block <inst_async_fifo_buffer>.
WARNING:Xst:2677 - Node <write_probe_117> of sequential type is unconnected in block <inst_async_fifo_buffer>.
WARNING:Xst:2677 - Node <write_probe_118> of sequential type is unconnected in block <inst_async_fifo_buffer>.
WARNING:Xst:2677 - Node <write_probe_119> of sequential type is unconnected in block <inst_async_fifo_buffer>.
WARNING:Xst:2677 - Node <write_probe_120> of sequential type is unconnected in block <inst_async_fifo_buffer>.
WARNING:Xst:2677 - Node <write_probe_121> of sequential type is unconnected in block <inst_async_fifo_buffer>.
WARNING:Xst:2677 - Node <write_probe_122> of sequential type is unconnected in block <inst_async_fifo_buffer>.
WARNING:Xst:2677 - Node <write_probe_123> of sequential type is unconnected in block <inst_async_fifo_buffer>.
WARNING:Xst:2677 - Node <write_probe_124> of sequential type is unconnected in block <inst_async_fifo_buffer>.
WARNING:Xst:2677 - Node <write_probe_125> of sequential type is unconnected in block <inst_async_fifo_buffer>.
WARNING:Xst:2677 - Node <write_probe_126> of sequential type is unconnected in block <inst_async_fifo_buffer>.
WARNING:Xst:2677 - Node <write_probe_127> of sequential type is unconnected in block <inst_async_fifo_buffer>.
WARNING:Xst:2677 - Node <write_probe_128> of sequential type is unconnected in block <inst_async_fifo_buffer>.
WARNING:Xst:2677 - Node <write_probe_129> of sequential type is unconnected in block <inst_async_fifo_buffer>.
WARNING:Xst:2677 - Node <write_probe_130> of sequential type is unconnected in block <inst_async_fifo_buffer>.
WARNING:Xst:2677 - Node <write_probe_131> of sequential type is unconnected in block <inst_async_fifo_buffer>.
WARNING:Xst:2677 - Node <write_probe_132> of sequential type is unconnected in block <inst_async_fifo_buffer>.
WARNING:Xst:2677 - Node <write_probe_133> of sequential type is unconnected in block <inst_async_fifo_buffer>.
WARNING:Xst:2677 - Node <write_probe_134> of sequential type is unconnected in block <inst_async_fifo_buffer>.
WARNING:Xst:2677 - Node <write_probe_135> of sequential type is unconnected in block <inst_async_fifo_buffer>.
WARNING:Xst:2677 - Node <write_probe_136> of sequential type is unconnected in block <inst_async_fifo_buffer>.
WARNING:Xst:2677 - Node <write_probe_137> of sequential type is unconnected in block <inst_async_fifo_buffer>.
WARNING:Xst:2677 - Node <write_probe_138> of sequential type is unconnected in block <inst_async_fifo_buffer>.
WARNING:Xst:2677 - Node <write_probe_139> of sequential type is unconnected in block <inst_async_fifo_buffer>.
WARNING:Xst:2677 - Node <write_probe_140> of sequential type is unconnected in block <inst_async_fifo_buffer>.
WARNING:Xst:2677 - Node <write_probe_141> of sequential type is unconnected in block <inst_async_fifo_buffer>.
WARNING:Xst:2677 - Node <write_probe_142> of sequential type is unconnected in block <inst_async_fifo_buffer>.
WARNING:Xst:2677 - Node <write_probe_143> of sequential type is unconnected in block <inst_async_fifo_buffer>.
WARNING:Xst:2677 - Node <write_probe_144> of sequential type is unconnected in block <inst_async_fifo_buffer>.
WARNING:Xst:2677 - Node <write_probe_145> of sequential type is unconnected in block <inst_async_fifo_buffer>.
WARNING:Xst:2677 - Node <write_probe_146> of sequential type is unconnected in block <inst_async_fifo_buffer>.
WARNING:Xst:2677 - Node <write_probe_147> of sequential type is unconnected in block <inst_async_fifo_buffer>.
WARNING:Xst:2677 - Node <write_probe_148> of sequential type is unconnected in block <inst_async_fifo_buffer>.
WARNING:Xst:2677 - Node <write_probe_149> of sequential type is unconnected in block <inst_async_fifo_buffer>.
WARNING:Xst:2677 - Node <write_probe_150> of sequential type is unconnected in block <inst_async_fifo_buffer>.
WARNING:Xst:2677 - Node <write_probe_151> of sequential type is unconnected in block <inst_async_fifo_buffer>.
WARNING:Xst:2677 - Node <write_probe_152> of sequential type is unconnected in block <inst_async_fifo_buffer>.
WARNING:Xst:2677 - Node <write_probe_153> of sequential type is unconnected in block <inst_async_fifo_buffer>.
WARNING:Xst:2677 - Node <write_probe_154> of sequential type is unconnected in block <inst_async_fifo_buffer>.
WARNING:Xst:2677 - Node <write_probe_155> of sequential type is unconnected in block <inst_async_fifo_buffer>.
WARNING:Xst:2677 - Node <write_probe_156> of sequential type is unconnected in block <inst_async_fifo_buffer>.
WARNING:Xst:2677 - Node <write_probe_157> of sequential type is unconnected in block <inst_async_fifo_buffer>.
WARNING:Xst:2677 - Node <write_probe_158> of sequential type is unconnected in block <inst_async_fifo_buffer>.
WARNING:Xst:2677 - Node <write_probe_159> of sequential type is unconnected in block <inst_async_fifo_buffer>.
WARNING:Xst:2677 - Node <write_probe_160> of sequential type is unconnected in block <inst_async_fifo_buffer>.
WARNING:Xst:2677 - Node <write_probe_161> of sequential type is unconnected in block <inst_async_fifo_buffer>.
WARNING:Xst:2677 - Node <write_probe_162> of sequential type is unconnected in block <inst_async_fifo_buffer>.
WARNING:Xst:2677 - Node <write_probe_163> of sequential type is unconnected in block <inst_async_fifo_buffer>.
WARNING:Xst:2677 - Node <write_probe_164> of sequential type is unconnected in block <inst_async_fifo_buffer>.
WARNING:Xst:2677 - Node <write_probe_165> of sequential type is unconnected in block <inst_async_fifo_buffer>.
WARNING:Xst:2677 - Node <write_probe_166> of sequential type is unconnected in block <inst_async_fifo_buffer>.
WARNING:Xst:2677 - Node <write_probe_167> of sequential type is unconnected in block <inst_async_fifo_buffer>.
WARNING:Xst:2677 - Node <write_probe_168> of sequential type is unconnected in block <inst_async_fifo_buffer>.
WARNING:Xst:2677 - Node <write_probe_169> of sequential type is unconnected in block <inst_async_fifo_buffer>.
WARNING:Xst:2677 - Node <write_probe_170> of sequential type is unconnected in block <inst_async_fifo_buffer>.
WARNING:Xst:2677 - Node <write_probe_171> of sequential type is unconnected in block <inst_async_fifo_buffer>.
WARNING:Xst:2677 - Node <write_probe_172> of sequential type is unconnected in block <inst_async_fifo_buffer>.
WARNING:Xst:2677 - Node <write_probe_173> of sequential type is unconnected in block <inst_async_fifo_buffer>.
WARNING:Xst:2677 - Node <write_probe_174> of sequential type is unconnected in block <inst_async_fifo_buffer>.
WARNING:Xst:2677 - Node <write_probe_175> of sequential type is unconnected in block <inst_async_fifo_buffer>.
WARNING:Xst:2677 - Node <write_probe_176> of sequential type is unconnected in block <inst_async_fifo_buffer>.
WARNING:Xst:2677 - Node <write_probe_177> of sequential type is unconnected in block <inst_async_fifo_buffer>.
WARNING:Xst:2677 - Node <write_probe_178> of sequential type is unconnected in block <inst_async_fifo_buffer>.
WARNING:Xst:2677 - Node <write_probe_179> of sequential type is unconnected in block <inst_async_fifo_buffer>.
WARNING:Xst:2677 - Node <write_probe_180> of sequential type is unconnected in block <inst_async_fifo_buffer>.
WARNING:Xst:2677 - Node <write_probe_181> of sequential type is unconnected in block <inst_async_fifo_buffer>.
WARNING:Xst:2677 - Node <write_probe_182> of sequential type is unconnected in block <inst_async_fifo_buffer>.
WARNING:Xst:2677 - Node <write_probe_183> of sequential type is unconnected in block <inst_async_fifo_buffer>.
WARNING:Xst:2677 - Node <write_probe_184> of sequential type is unconnected in block <inst_async_fifo_buffer>.
WARNING:Xst:2677 - Node <write_probe_185> of sequential type is unconnected in block <inst_async_fifo_buffer>.
WARNING:Xst:2677 - Node <write_probe_186> of sequential type is unconnected in block <inst_async_fifo_buffer>.
WARNING:Xst:2677 - Node <write_probe_187> of sequential type is unconnected in block <inst_async_fifo_buffer>.
WARNING:Xst:2677 - Node <write_probe_188> of sequential type is unconnected in block <inst_async_fifo_buffer>.
WARNING:Xst:2677 - Node <write_probe_189> of sequential type is unconnected in block <inst_async_fifo_buffer>.
WARNING:Xst:2677 - Node <write_probe_190> of sequential type is unconnected in block <inst_async_fifo_buffer>.
WARNING:Xst:2677 - Node <write_probe_191> of sequential type is unconnected in block <inst_async_fifo_buffer>.
WARNING:Xst:2677 - Node <write_probe_192> of sequential type is unconnected in block <inst_async_fifo_buffer>.
WARNING:Xst:2677 - Node <write_probe_193> of sequential type is unconnected in block <inst_async_fifo_buffer>.
WARNING:Xst:2677 - Node <write_probe_194> of sequential type is unconnected in block <inst_async_fifo_buffer>.
WARNING:Xst:2677 - Node <write_probe_195> of sequential type is unconnected in block <inst_async_fifo_buffer>.
WARNING:Xst:2677 - Node <write_probe_196> of sequential type is unconnected in block <inst_async_fifo_buffer>.
WARNING:Xst:2677 - Node <write_probe_197> of sequential type is unconnected in block <inst_async_fifo_buffer>.
WARNING:Xst:2677 - Node <write_probe_198> of sequential type is unconnected in block <inst_async_fifo_buffer>.
WARNING:Xst:2677 - Node <write_probe_199> of sequential type is unconnected in block <inst_async_fifo_buffer>.
WARNING:Xst:2677 - Node <write_probe_200> of sequential type is unconnected in block <inst_async_fifo_buffer>.
WARNING:Xst:2677 - Node <write_probe_201> of sequential type is unconnected in block <inst_async_fifo_buffer>.
WARNING:Xst:2677 - Node <write_probe_202> of sequential type is unconnected in block <inst_async_fifo_buffer>.
WARNING:Xst:2677 - Node <write_probe_203> of sequential type is unconnected in block <inst_async_fifo_buffer>.
WARNING:Xst:2677 - Node <write_probe_204> of sequential type is unconnected in block <inst_async_fifo_buffer>.
WARNING:Xst:2677 - Node <write_probe_205> of sequential type is unconnected in block <inst_async_fifo_buffer>.
WARNING:Xst:2677 - Node <write_probe_206> of sequential type is unconnected in block <inst_async_fifo_buffer>.
WARNING:Xst:2677 - Node <write_probe_207> of sequential type is unconnected in block <inst_async_fifo_buffer>.
WARNING:Xst:2677 - Node <write_probe_208> of sequential type is unconnected in block <inst_async_fifo_buffer>.
WARNING:Xst:2677 - Node <write_probe_209> of sequential type is unconnected in block <inst_async_fifo_buffer>.
WARNING:Xst:2677 - Node <write_probe_210> of sequential type is unconnected in block <inst_async_fifo_buffer>.
WARNING:Xst:2677 - Node <write_probe_211> of sequential type is unconnected in block <inst_async_fifo_buffer>.
WARNING:Xst:2677 - Node <write_probe_212> of sequential type is unconnected in block <inst_async_fifo_buffer>.
WARNING:Xst:2677 - Node <write_probe_213> of sequential type is unconnected in block <inst_async_fifo_buffer>.
WARNING:Xst:2677 - Node <write_probe_214> of sequential type is unconnected in block <inst_async_fifo_buffer>.
WARNING:Xst:2677 - Node <write_probe_215> of sequential type is unconnected in block <inst_async_fifo_buffer>.
WARNING:Xst:2677 - Node <write_probe_216> of sequential type is unconnected in block <inst_async_fifo_buffer>.
WARNING:Xst:2677 - Node <write_probe_217> of sequential type is unconnected in block <inst_async_fifo_buffer>.
WARNING:Xst:2677 - Node <write_probe_218> of sequential type is unconnected in block <inst_async_fifo_buffer>.
WARNING:Xst:2677 - Node <write_probe_219> of sequential type is unconnected in block <inst_async_fifo_buffer>.
WARNING:Xst:2677 - Node <write_probe_220> of sequential type is unconnected in block <inst_async_fifo_buffer>.
WARNING:Xst:2677 - Node <write_probe_221> of sequential type is unconnected in block <inst_async_fifo_buffer>.
WARNING:Xst:2677 - Node <write_probe_222> of sequential type is unconnected in block <inst_async_fifo_buffer>.
WARNING:Xst:2677 - Node <write_probe_223> of sequential type is unconnected in block <inst_async_fifo_buffer>.
WARNING:Xst:2677 - Node <write_probe_224> of sequential type is unconnected in block <inst_async_fifo_buffer>.
WARNING:Xst:2677 - Node <write_probe_225> of sequential type is unconnected in block <inst_async_fifo_buffer>.
WARNING:Xst:2677 - Node <write_probe_226> of sequential type is unconnected in block <inst_async_fifo_buffer>.
WARNING:Xst:2677 - Node <write_probe_227> of sequential type is unconnected in block <inst_async_fifo_buffer>.
WARNING:Xst:2677 - Node <write_probe_228> of sequential type is unconnected in block <inst_async_fifo_buffer>.
WARNING:Xst:2677 - Node <write_probe_229> of sequential type is unconnected in block <inst_async_fifo_buffer>.
WARNING:Xst:2677 - Node <write_probe_230> of sequential type is unconnected in block <inst_async_fifo_buffer>.
WARNING:Xst:2677 - Node <write_probe_231> of sequential type is unconnected in block <inst_async_fifo_buffer>.
WARNING:Xst:2677 - Node <write_probe_232> of sequential type is unconnected in block <inst_async_fifo_buffer>.
WARNING:Xst:2677 - Node <write_probe_233> of sequential type is unconnected in block <inst_async_fifo_buffer>.
WARNING:Xst:2677 - Node <write_probe_234> of sequential type is unconnected in block <inst_async_fifo_buffer>.
WARNING:Xst:2677 - Node <write_probe_235> of sequential type is unconnected in block <inst_async_fifo_buffer>.
WARNING:Xst:2677 - Node <write_probe_236> of sequential type is unconnected in block <inst_async_fifo_buffer>.
WARNING:Xst:2677 - Node <write_probe_237> of sequential type is unconnected in block <inst_async_fifo_buffer>.
WARNING:Xst:2677 - Node <write_probe_238> of sequential type is unconnected in block <inst_async_fifo_buffer>.
WARNING:Xst:2677 - Node <write_probe_239> of sequential type is unconnected in block <inst_async_fifo_buffer>.
WARNING:Xst:2677 - Node <write_probe_240> of sequential type is unconnected in block <inst_async_fifo_buffer>.
WARNING:Xst:2677 - Node <write_probe_241> of sequential type is unconnected in block <inst_async_fifo_buffer>.
WARNING:Xst:2677 - Node <write_probe_242> of sequential type is unconnected in block <inst_async_fifo_buffer>.
WARNING:Xst:2677 - Node <write_probe_243> of sequential type is unconnected in block <inst_async_fifo_buffer>.
WARNING:Xst:2677 - Node <write_probe_244> of sequential type is unconnected in block <inst_async_fifo_buffer>.
WARNING:Xst:2677 - Node <write_probe_245> of sequential type is unconnected in block <inst_async_fifo_buffer>.
WARNING:Xst:2677 - Node <write_probe_246> of sequential type is unconnected in block <inst_async_fifo_buffer>.
WARNING:Xst:2677 - Node <write_probe_247> of sequential type is unconnected in block <inst_async_fifo_buffer>.
WARNING:Xst:2677 - Node <write_probe_248> of sequential type is unconnected in block <inst_async_fifo_buffer>.
WARNING:Xst:2677 - Node <write_probe_249> of sequential type is unconnected in block <inst_async_fifo_buffer>.
WARNING:Xst:2677 - Node <write_probe_250> of sequential type is unconnected in block <inst_async_fifo_buffer>.
WARNING:Xst:2677 - Node <write_probe_251> of sequential type is unconnected in block <inst_async_fifo_buffer>.
WARNING:Xst:2677 - Node <write_probe_252> of sequential type is unconnected in block <inst_async_fifo_buffer>.
WARNING:Xst:2677 - Node <write_probe_253> of sequential type is unconnected in block <inst_async_fifo_buffer>.
WARNING:Xst:2677 - Node <write_probe_254> of sequential type is unconnected in block <inst_async_fifo_buffer>.
WARNING:Xst:2677 - Node <write_probe_255> of sequential type is unconnected in block <inst_async_fifo_buffer>.
WARNING:Xst:2677 - Node <write_probe_256> of sequential type is unconnected in block <inst_async_fifo_buffer>.
WARNING:Xst:2677 - Node <write_probe_257> of sequential type is unconnected in block <inst_async_fifo_buffer>.
WARNING:Xst:2677 - Node <write_probe_258> of sequential type is unconnected in block <inst_async_fifo_buffer>.
WARNING:Xst:2677 - Node <write_probe_259> of sequential type is unconnected in block <inst_async_fifo_buffer>.
WARNING:Xst:2677 - Node <write_probe_260> of sequential type is unconnected in block <inst_async_fifo_buffer>.
WARNING:Xst:2677 - Node <write_probe_261> of sequential type is unconnected in block <inst_async_fifo_buffer>.
WARNING:Xst:2677 - Node <write_probe_262> of sequential type is unconnected in block <inst_async_fifo_buffer>.
WARNING:Xst:2677 - Node <write_probe_263> of sequential type is unconnected in block <inst_async_fifo_buffer>.
WARNING:Xst:2677 - Node <write_probe_264> of sequential type is unconnected in block <inst_async_fifo_buffer>.
WARNING:Xst:2677 - Node <write_probe_265> of sequential type is unconnected in block <inst_async_fifo_buffer>.
WARNING:Xst:2677 - Node <write_probe_266> of sequential type is unconnected in block <inst_async_fifo_buffer>.
WARNING:Xst:2677 - Node <write_probe_267> of sequential type is unconnected in block <inst_async_fifo_buffer>.
WARNING:Xst:2677 - Node <write_probe_268> of sequential type is unconnected in block <inst_async_fifo_buffer>.
WARNING:Xst:2677 - Node <write_probe_269> of sequential type is unconnected in block <inst_async_fifo_buffer>.
WARNING:Xst:2677 - Node <write_probe_270> of sequential type is unconnected in block <inst_async_fifo_buffer>.
WARNING:Xst:2677 - Node <write_probe_271> of sequential type is unconnected in block <inst_async_fifo_buffer>.
WARNING:Xst:2677 - Node <write_probe_272> of sequential type is unconnected in block <inst_async_fifo_buffer>.
WARNING:Xst:2677 - Node <write_probe_273> of sequential type is unconnected in block <inst_async_fifo_buffer>.
WARNING:Xst:2677 - Node <write_probe_274> of sequential type is unconnected in block <inst_async_fifo_buffer>.
WARNING:Xst:2677 - Node <write_probe_275> of sequential type is unconnected in block <inst_async_fifo_buffer>.
WARNING:Xst:2677 - Node <write_probe_276> of sequential type is unconnected in block <inst_async_fifo_buffer>.
WARNING:Xst:2677 - Node <write_probe_277> of sequential type is unconnected in block <inst_async_fifo_buffer>.
WARNING:Xst:2677 - Node <write_probe_278> of sequential type is unconnected in block <inst_async_fifo_buffer>.
WARNING:Xst:2677 - Node <write_probe_279> of sequential type is unconnected in block <inst_async_fifo_buffer>.
WARNING:Xst:2677 - Node <write_probe_280> of sequential type is unconnected in block <inst_async_fifo_buffer>.
WARNING:Xst:2677 - Node <write_probe_281> of sequential type is unconnected in block <inst_async_fifo_buffer>.
WARNING:Xst:2677 - Node <write_probe_282> of sequential type is unconnected in block <inst_async_fifo_buffer>.
WARNING:Xst:2677 - Node <write_probe_283> of sequential type is unconnected in block <inst_async_fifo_buffer>.
WARNING:Xst:2677 - Node <write_probe_284> of sequential type is unconnected in block <inst_async_fifo_buffer>.
WARNING:Xst:2677 - Node <write_probe_285> of sequential type is unconnected in block <inst_async_fifo_buffer>.
WARNING:Xst:2677 - Node <write_probe_286> of sequential type is unconnected in block <inst_async_fifo_buffer>.
WARNING:Xst:2677 - Node <write_probe_287> of sequential type is unconnected in block <inst_async_fifo_buffer>.
WARNING:Xst:2677 - Node <write_probe_288> of sequential type is unconnected in block <inst_async_fifo_buffer>.
WARNING:Xst:2677 - Node <write_probe_289> of sequential type is unconnected in block <inst_async_fifo_buffer>.
WARNING:Xst:2677 - Node <write_probe_290> of sequential type is unconnected in block <inst_async_fifo_buffer>.
WARNING:Xst:2677 - Node <write_probe_291> of sequential type is unconnected in block <inst_async_fifo_buffer>.
WARNING:Xst:2677 - Node <write_probe_292> of sequential type is unconnected in block <inst_async_fifo_buffer>.
WARNING:Xst:2677 - Node <write_probe_293> of sequential type is unconnected in block <inst_async_fifo_buffer>.
WARNING:Xst:2677 - Node <write_probe_294> of sequential type is unconnected in block <inst_async_fifo_buffer>.
WARNING:Xst:2677 - Node <write_probe_295> of sequential type is unconnected in block <inst_async_fifo_buffer>.
WARNING:Xst:2677 - Node <write_probe_296> of sequential type is unconnected in block <inst_async_fifo_buffer>.
WARNING:Xst:2677 - Node <write_probe_297> of sequential type is unconnected in block <inst_async_fifo_buffer>.
WARNING:Xst:2677 - Node <write_probe_298> of sequential type is unconnected in block <inst_async_fifo_buffer>.
WARNING:Xst:2677 - Node <write_probe_299> of sequential type is unconnected in block <inst_async_fifo_buffer>.
WARNING:Xst:2677 - Node <write_probe_300> of sequential type is unconnected in block <inst_async_fifo_buffer>.
WARNING:Xst:2677 - Node <write_probe_301> of sequential type is unconnected in block <inst_async_fifo_buffer>.
WARNING:Xst:2677 - Node <write_probe_302> of sequential type is unconnected in block <inst_async_fifo_buffer>.
WARNING:Xst:2677 - Node <write_probe_303> of sequential type is unconnected in block <inst_async_fifo_buffer>.
WARNING:Xst:2677 - Node <write_probe_304> of sequential type is unconnected in block <inst_async_fifo_buffer>.
WARNING:Xst:2677 - Node <write_probe_305> of sequential type is unconnected in block <inst_async_fifo_buffer>.
WARNING:Xst:2677 - Node <write_probe_306> of sequential type is unconnected in block <inst_async_fifo_buffer>.
WARNING:Xst:2677 - Node <write_probe_307> of sequential type is unconnected in block <inst_async_fifo_buffer>.
WARNING:Xst:2677 - Node <write_probe_308> of sequential type is unconnected in block <inst_async_fifo_buffer>.
WARNING:Xst:2677 - Node <write_probe_309> of sequential type is unconnected in block <inst_async_fifo_buffer>.
WARNING:Xst:2677 - Node <write_probe_310> of sequential type is unconnected in block <inst_async_fifo_buffer>.
WARNING:Xst:2677 - Node <write_probe_311> of sequential type is unconnected in block <inst_async_fifo_buffer>.
WARNING:Xst:2677 - Node <write_probe_312> of sequential type is unconnected in block <inst_async_fifo_buffer>.
WARNING:Xst:2677 - Node <write_probe_313> of sequential type is unconnected in block <inst_async_fifo_buffer>.
WARNING:Xst:2677 - Node <write_probe_314> of sequential type is unconnected in block <inst_async_fifo_buffer>.
WARNING:Xst:2677 - Node <write_probe_315> of sequential type is unconnected in block <inst_async_fifo_buffer>.
WARNING:Xst:2677 - Node <write_probe_316> of sequential type is unconnected in block <inst_async_fifo_buffer>.
WARNING:Xst:2677 - Node <write_probe_317> of sequential type is unconnected in block <inst_async_fifo_buffer>.
WARNING:Xst:2677 - Node <write_probe_318> of sequential type is unconnected in block <inst_async_fifo_buffer>.
WARNING:Xst:2677 - Node <write_probe_319> of sequential type is unconnected in block <inst_async_fifo_buffer>.
WARNING:Xst:2677 - Node <write_probe_320> of sequential type is unconnected in block <inst_async_fifo_buffer>.
WARNING:Xst:2677 - Node <write_probe_321> of sequential type is unconnected in block <inst_async_fifo_buffer>.
WARNING:Xst:2677 - Node <write_probe_322> of sequential type is unconnected in block <inst_async_fifo_buffer>.
WARNING:Xst:2677 - Node <write_probe_323> of sequential type is unconnected in block <inst_async_fifo_buffer>.
WARNING:Xst:2677 - Node <write_probe_324> of sequential type is unconnected in block <inst_async_fifo_buffer>.
WARNING:Xst:2677 - Node <write_probe_325> of sequential type is unconnected in block <inst_async_fifo_buffer>.
WARNING:Xst:2677 - Node <write_probe_326> of sequential type is unconnected in block <inst_async_fifo_buffer>.
WARNING:Xst:2677 - Node <write_probe_327> of sequential type is unconnected in block <inst_async_fifo_buffer>.
WARNING:Xst:2677 - Node <write_probe_328> of sequential type is unconnected in block <inst_async_fifo_buffer>.
WARNING:Xst:2677 - Node <write_probe_329> of sequential type is unconnected in block <inst_async_fifo_buffer>.
WARNING:Xst:2677 - Node <write_probe_330> of sequential type is unconnected in block <inst_async_fifo_buffer>.
WARNING:Xst:2677 - Node <write_probe_331> of sequential type is unconnected in block <inst_async_fifo_buffer>.
WARNING:Xst:2677 - Node <write_probe_332> of sequential type is unconnected in block <inst_async_fifo_buffer>.
WARNING:Xst:2677 - Node <write_probe_333> of sequential type is unconnected in block <inst_async_fifo_buffer>.
WARNING:Xst:2677 - Node <write_probe_334> of sequential type is unconnected in block <inst_async_fifo_buffer>.
WARNING:Xst:2677 - Node <write_probe_335> of sequential type is unconnected in block <inst_async_fifo_buffer>.
WARNING:Xst:2677 - Node <write_probe_336> of sequential type is unconnected in block <inst_async_fifo_buffer>.
WARNING:Xst:2677 - Node <write_probe_337> of sequential type is unconnected in block <inst_async_fifo_buffer>.
WARNING:Xst:2677 - Node <write_probe_338> of sequential type is unconnected in block <inst_async_fifo_buffer>.
WARNING:Xst:2677 - Node <write_probe_339> of sequential type is unconnected in block <inst_async_fifo_buffer>.
WARNING:Xst:2677 - Node <write_probe_340> of sequential type is unconnected in block <inst_async_fifo_buffer>.
WARNING:Xst:2677 - Node <write_probe_341> of sequential type is unconnected in block <inst_async_fifo_buffer>.
WARNING:Xst:2677 - Node <write_probe_342> of sequential type is unconnected in block <inst_async_fifo_buffer>.
WARNING:Xst:2677 - Node <write_probe_343> of sequential type is unconnected in block <inst_async_fifo_buffer>.
WARNING:Xst:2677 - Node <write_probe_344> of sequential type is unconnected in block <inst_async_fifo_buffer>.
WARNING:Xst:2677 - Node <write_probe_345> of sequential type is unconnected in block <inst_async_fifo_buffer>.
WARNING:Xst:2677 - Node <write_probe_346> of sequential type is unconnected in block <inst_async_fifo_buffer>.
WARNING:Xst:2677 - Node <write_probe_347> of sequential type is unconnected in block <inst_async_fifo_buffer>.
WARNING:Xst:2677 - Node <write_probe_348> of sequential type is unconnected in block <inst_async_fifo_buffer>.
WARNING:Xst:2677 - Node <write_probe_349> of sequential type is unconnected in block <inst_async_fifo_buffer>.
WARNING:Xst:2677 - Node <write_probe_350> of sequential type is unconnected in block <inst_async_fifo_buffer>.
WARNING:Xst:2677 - Node <write_probe_351> of sequential type is unconnected in block <inst_async_fifo_buffer>.
WARNING:Xst:2677 - Node <write_probe_352> of sequential type is unconnected in block <inst_async_fifo_buffer>.
WARNING:Xst:2677 - Node <write_probe_353> of sequential type is unconnected in block <inst_async_fifo_buffer>.
WARNING:Xst:2677 - Node <write_probe_354> of sequential type is unconnected in block <inst_async_fifo_buffer>.
WARNING:Xst:2677 - Node <write_probe_355> of sequential type is unconnected in block <inst_async_fifo_buffer>.
WARNING:Xst:2677 - Node <write_probe_356> of sequential type is unconnected in block <inst_async_fifo_buffer>.
WARNING:Xst:2677 - Node <write_probe_357> of sequential type is unconnected in block <inst_async_fifo_buffer>.
WARNING:Xst:2677 - Node <write_probe_358> of sequential type is unconnected in block <inst_async_fifo_buffer>.
WARNING:Xst:2677 - Node <write_probe_359> of sequential type is unconnected in block <inst_async_fifo_buffer>.
WARNING:Xst:2677 - Node <write_probe_360> of sequential type is unconnected in block <inst_async_fifo_buffer>.
WARNING:Xst:2677 - Node <write_probe_361> of sequential type is unconnected in block <inst_async_fifo_buffer>.
WARNING:Xst:2677 - Node <write_probe_362> of sequential type is unconnected in block <inst_async_fifo_buffer>.
WARNING:Xst:2677 - Node <write_probe_363> of sequential type is unconnected in block <inst_async_fifo_buffer>.
WARNING:Xst:2677 - Node <write_probe_364> of sequential type is unconnected in block <inst_async_fifo_buffer>.
WARNING:Xst:2677 - Node <write_probe_365> of sequential type is unconnected in block <inst_async_fifo_buffer>.
WARNING:Xst:2677 - Node <write_probe_366> of sequential type is unconnected in block <inst_async_fifo_buffer>.
WARNING:Xst:2677 - Node <write_probe_367> of sequential type is unconnected in block <inst_async_fifo_buffer>.
WARNING:Xst:2677 - Node <write_probe_368> of sequential type is unconnected in block <inst_async_fifo_buffer>.
WARNING:Xst:2677 - Node <write_probe_369> of sequential type is unconnected in block <inst_async_fifo_buffer>.
WARNING:Xst:2677 - Node <write_probe_370> of sequential type is unconnected in block <inst_async_fifo_buffer>.
WARNING:Xst:2677 - Node <write_probe_371> of sequential type is unconnected in block <inst_async_fifo_buffer>.
WARNING:Xst:2677 - Node <write_probe_372> of sequential type is unconnected in block <inst_async_fifo_buffer>.
WARNING:Xst:2677 - Node <write_probe_373> of sequential type is unconnected in block <inst_async_fifo_buffer>.
WARNING:Xst:2677 - Node <write_probe_374> of sequential type is unconnected in block <inst_async_fifo_buffer>.
WARNING:Xst:2677 - Node <write_probe_375> of sequential type is unconnected in block <inst_async_fifo_buffer>.
WARNING:Xst:2677 - Node <write_probe_376> of sequential type is unconnected in block <inst_async_fifo_buffer>.
WARNING:Xst:2677 - Node <write_probe_377> of sequential type is unconnected in block <inst_async_fifo_buffer>.
WARNING:Xst:2677 - Node <write_probe_378> of sequential type is unconnected in block <inst_async_fifo_buffer>.
WARNING:Xst:2677 - Node <write_probe_379> of sequential type is unconnected in block <inst_async_fifo_buffer>.
WARNING:Xst:2677 - Node <write_probe_380> of sequential type is unconnected in block <inst_async_fifo_buffer>.
WARNING:Xst:2677 - Node <write_probe_381> of sequential type is unconnected in block <inst_async_fifo_buffer>.
WARNING:Xst:2677 - Node <write_probe_382> of sequential type is unconnected in block <inst_async_fifo_buffer>.
WARNING:Xst:2677 - Node <write_probe_383> of sequential type is unconnected in block <inst_async_fifo_buffer>.
WARNING:Xst:2677 - Node <write_probe_384> of sequential type is unconnected in block <inst_async_fifo_buffer>.
WARNING:Xst:2677 - Node <write_probe_385> of sequential type is unconnected in block <inst_async_fifo_buffer>.
WARNING:Xst:2677 - Node <write_probe_386> of sequential type is unconnected in block <inst_async_fifo_buffer>.
WARNING:Xst:2677 - Node <write_probe_387> of sequential type is unconnected in block <inst_async_fifo_buffer>.
WARNING:Xst:2677 - Node <write_probe_388> of sequential type is unconnected in block <inst_async_fifo_buffer>.
WARNING:Xst:2677 - Node <write_probe_389> of sequential type is unconnected in block <inst_async_fifo_buffer>.
WARNING:Xst:2677 - Node <write_probe_390> of sequential type is unconnected in block <inst_async_fifo_buffer>.
WARNING:Xst:2677 - Node <write_probe_391> of sequential type is unconnected in block <inst_async_fifo_buffer>.
WARNING:Xst:2677 - Node <write_probe_392> of sequential type is unconnected in block <inst_async_fifo_buffer>.
WARNING:Xst:2677 - Node <write_probe_393> of sequential type is unconnected in block <inst_async_fifo_buffer>.
WARNING:Xst:2677 - Node <write_probe_394> of sequential type is unconnected in block <inst_async_fifo_buffer>.
WARNING:Xst:2677 - Node <write_probe_395> of sequential type is unconnected in block <inst_async_fifo_buffer>.
WARNING:Xst:2677 - Node <write_probe_396> of sequential type is unconnected in block <inst_async_fifo_buffer>.
WARNING:Xst:2677 - Node <write_probe_397> of sequential type is unconnected in block <inst_async_fifo_buffer>.
WARNING:Xst:2677 - Node <write_probe_398> of sequential type is unconnected in block <inst_async_fifo_buffer>.
WARNING:Xst:2677 - Node <write_probe_399> of sequential type is unconnected in block <inst_async_fifo_buffer>.
WARNING:Xst:2677 - Node <write_probe_400> of sequential type is unconnected in block <inst_async_fifo_buffer>.
WARNING:Xst:2677 - Node <write_probe_401> of sequential type is unconnected in block <inst_async_fifo_buffer>.
WARNING:Xst:2677 - Node <write_probe_402> of sequential type is unconnected in block <inst_async_fifo_buffer>.
WARNING:Xst:2677 - Node <write_probe_403> of sequential type is unconnected in block <inst_async_fifo_buffer>.
WARNING:Xst:2677 - Node <write_probe_404> of sequential type is unconnected in block <inst_async_fifo_buffer>.
WARNING:Xst:2677 - Node <write_probe_405> of sequential type is unconnected in block <inst_async_fifo_buffer>.
WARNING:Xst:2677 - Node <write_probe_406> of sequential type is unconnected in block <inst_async_fifo_buffer>.
WARNING:Xst:2677 - Node <write_probe_407> of sequential type is unconnected in block <inst_async_fifo_buffer>.
WARNING:Xst:2677 - Node <write_probe_408> of sequential type is unconnected in block <inst_async_fifo_buffer>.
WARNING:Xst:2677 - Node <write_probe_409> of sequential type is unconnected in block <inst_async_fifo_buffer>.
WARNING:Xst:2677 - Node <write_probe_410> of sequential type is unconnected in block <inst_async_fifo_buffer>.
WARNING:Xst:2677 - Node <write_probe_411> of sequential type is unconnected in block <inst_async_fifo_buffer>.
WARNING:Xst:2677 - Node <write_probe_412> of sequential type is unconnected in block <inst_async_fifo_buffer>.
WARNING:Xst:2677 - Node <write_probe_413> of sequential type is unconnected in block <inst_async_fifo_buffer>.
WARNING:Xst:2677 - Node <write_probe_414> of sequential type is unconnected in block <inst_async_fifo_buffer>.
WARNING:Xst:2677 - Node <write_probe_415> of sequential type is unconnected in block <inst_async_fifo_buffer>.
WARNING:Xst:2677 - Node <write_probe_416> of sequential type is unconnected in block <inst_async_fifo_buffer>.
WARNING:Xst:2677 - Node <write_probe_417> of sequential type is unconnected in block <inst_async_fifo_buffer>.
WARNING:Xst:2677 - Node <write_probe_418> of sequential type is unconnected in block <inst_async_fifo_buffer>.
WARNING:Xst:2677 - Node <write_probe_419> of sequential type is unconnected in block <inst_async_fifo_buffer>.
WARNING:Xst:2677 - Node <write_probe_420> of sequential type is unconnected in block <inst_async_fifo_buffer>.
WARNING:Xst:2677 - Node <write_probe_421> of sequential type is unconnected in block <inst_async_fifo_buffer>.
WARNING:Xst:2677 - Node <write_probe_422> of sequential type is unconnected in block <inst_async_fifo_buffer>.
WARNING:Xst:2677 - Node <write_probe_423> of sequential type is unconnected in block <inst_async_fifo_buffer>.
WARNING:Xst:2677 - Node <write_probe_424> of sequential type is unconnected in block <inst_async_fifo_buffer>.
WARNING:Xst:2677 - Node <write_probe_425> of sequential type is unconnected in block <inst_async_fifo_buffer>.
WARNING:Xst:2677 - Node <write_probe_426> of sequential type is unconnected in block <inst_async_fifo_buffer>.
WARNING:Xst:2677 - Node <write_probe_427> of sequential type is unconnected in block <inst_async_fifo_buffer>.
WARNING:Xst:2677 - Node <write_probe_428> of sequential type is unconnected in block <inst_async_fifo_buffer>.
WARNING:Xst:2677 - Node <write_probe_429> of sequential type is unconnected in block <inst_async_fifo_buffer>.
WARNING:Xst:2677 - Node <write_probe_430> of sequential type is unconnected in block <inst_async_fifo_buffer>.
WARNING:Xst:2677 - Node <write_probe_431> of sequential type is unconnected in block <inst_async_fifo_buffer>.
WARNING:Xst:2677 - Node <write_probe_432> of sequential type is unconnected in block <inst_async_fifo_buffer>.
WARNING:Xst:2677 - Node <write_probe_433> of sequential type is unconnected in block <inst_async_fifo_buffer>.
WARNING:Xst:2677 - Node <write_probe_434> of sequential type is unconnected in block <inst_async_fifo_buffer>.
WARNING:Xst:2677 - Node <write_probe_435> of sequential type is unconnected in block <inst_async_fifo_buffer>.
WARNING:Xst:2677 - Node <write_probe_436> of sequential type is unconnected in block <inst_async_fifo_buffer>.
WARNING:Xst:2677 - Node <write_probe_437> of sequential type is unconnected in block <inst_async_fifo_buffer>.
WARNING:Xst:2677 - Node <write_probe_438> of sequential type is unconnected in block <inst_async_fifo_buffer>.
WARNING:Xst:2677 - Node <write_probe_439> of sequential type is unconnected in block <inst_async_fifo_buffer>.
WARNING:Xst:2677 - Node <write_probe_440> of sequential type is unconnected in block <inst_async_fifo_buffer>.
WARNING:Xst:2677 - Node <write_probe_441> of sequential type is unconnected in block <inst_async_fifo_buffer>.
WARNING:Xst:2677 - Node <write_probe_442> of sequential type is unconnected in block <inst_async_fifo_buffer>.
WARNING:Xst:2677 - Node <write_probe_443> of sequential type is unconnected in block <inst_async_fifo_buffer>.
WARNING:Xst:2677 - Node <write_probe_444> of sequential type is unconnected in block <inst_async_fifo_buffer>.
WARNING:Xst:2677 - Node <write_probe_445> of sequential type is unconnected in block <inst_async_fifo_buffer>.
WARNING:Xst:2677 - Node <write_probe_446> of sequential type is unconnected in block <inst_async_fifo_buffer>.
WARNING:Xst:2677 - Node <write_probe_447> of sequential type is unconnected in block <inst_async_fifo_buffer>.
WARNING:Xst:2677 - Node <write_probe_448> of sequential type is unconnected in block <inst_async_fifo_buffer>.
WARNING:Xst:2677 - Node <write_probe_449> of sequential type is unconnected in block <inst_async_fifo_buffer>.
WARNING:Xst:2677 - Node <write_probe_450> of sequential type is unconnected in block <inst_async_fifo_buffer>.
WARNING:Xst:2677 - Node <write_probe_451> of sequential type is unconnected in block <inst_async_fifo_buffer>.
WARNING:Xst:2677 - Node <write_probe_452> of sequential type is unconnected in block <inst_async_fifo_buffer>.
WARNING:Xst:2677 - Node <write_probe_453> of sequential type is unconnected in block <inst_async_fifo_buffer>.
WARNING:Xst:2677 - Node <write_probe_454> of sequential type is unconnected in block <inst_async_fifo_buffer>.
WARNING:Xst:1710 - FF/Latch <clk_counter_7> (without init value) has a constant value of 0 in block <tx_inst>. This FF/Latch will be trimmed during the optimization process.
WARNING:Xst:1710 - FF/Latch <clk_counter_8> (without init value) has a constant value of 0 in block <tx_inst>. This FF/Latch will be trimmed during the optimization process.
WARNING:Xst:1710 - FF/Latch <clk_counter_9> (without init value) has a constant value of 0 in block <tx_inst>. This FF/Latch will be trimmed during the optimization process.
WARNING:Xst:1710 - FF/Latch <clk_counter_10> (without init value) has a constant value of 0 in block <tx_inst>. This FF/Latch will be trimmed during the optimization process.
WARNING:Xst:1710 - FF/Latch <clk_counter_11> (without init value) has a constant value of 0 in block <tx_inst>. This FF/Latch will be trimmed during the optimization process.
WARNING:Xst:1710 - FF/Latch <clk_counter_12> (without init value) has a constant value of 0 in block <tx_inst>. This FF/Latch will be trimmed during the optimization process.
WARNING:Xst:1710 - FF/Latch <clk_counter_13> (without init value) has a constant value of 0 in block <tx_inst>. This FF/Latch will be trimmed during the optimization process.
WARNING:Xst:1710 - FF/Latch <clk_counter_14> (without init value) has a constant value of 0 in block <tx_inst>. This FF/Latch will be trimmed during the optimization process.
WARNING:Xst:1710 - FF/Latch <clk_counter_15> (without init value) has a constant value of 0 in block <tx_inst>. This FF/Latch will be trimmed during the optimization process.
WARNING:Xst:1710 - FF/Latch <byte_count_6> (without init value) has a constant value of 0 in block <inst_pkt_logger>. This FF/Latch will be trimmed during the optimization process.
INFO:Xst:2261 - The FF/Latch <byte_count_start_3> in Unit <inst_pkt_logger> is equivalent to the following FF/Latch, which will be removed : <byte_count_0> 
INFO:Xst:2261 - The FF/Latch <byte_count_start_4> in Unit <inst_pkt_logger> is equivalent to the following FF/Latch, which will be removed : <byte_count_1> 
INFO:Xst:2261 - The FF/Latch <byte_count_start_5> in Unit <inst_pkt_logger> is equivalent to the following FF/Latch, which will be removed : <byte_count_2> 
INFO:Xst:2261 - The FF/Latch <byte_count_start_6> in Unit <inst_pkt_logger> is equivalent to the following FF/Latch, which will be removed : <byte_count_3> 
INFO:Xst:2261 - The FF/Latch <byte_count_start_7> in Unit <inst_pkt_logger> is equivalent to the following FF/Latch, which will be removed : <byte_count_4> 
INFO:Xst:2261 - The FF/Latch <byte_count_start_8> in Unit <inst_pkt_logger> is equivalent to the following FF/Latch, which will be removed : <byte_count_5> 

Mapping all equations...
Building and optimizing final netlist ...
Found area constraint ratio of 100 (+ 5) on block top_wrapper, actual ratio is 0.

Final Macro Processing ...

Processing Unit <inst_read_buffer> :
	Found 3-bit shift register for signal <pipe4_rxd_0>.
	Found 3-bit shift register for signal <pipe4_rxd_1>.
	Found 3-bit shift register for signal <pipe4_rxd_2>.
	Found 3-bit shift register for signal <pipe4_rxd_3>.
	Found 3-bit shift register for signal <pipe4_rxd_4>.
	Found 3-bit shift register for signal <pipe4_rxd_5>.
	Found 3-bit shift register for signal <pipe4_rxd_6>.
	Found 3-bit shift register for signal <pipe4_rxd_7>.
	Found 3-bit shift register for signal <pipe4_empty>.
	Found 3-bit shift register for signal <pipe4_rx_dv>.
	Found 3-bit shift register for signal <pipe4_rx_er>.
Unit <inst_read_buffer> processed.

=========================================================================
Final Register Report

Macro Statistics
# Registers                                            : 3893
 Flip-Flops                                            : 3893
# Shift Registers                                      : 11
 3-bit shift register                                  : 11

=========================================================================

=========================================================================
*                           Partition Report                            *
=========================================================================

Partition Implementation Status
-------------------------------

  No Partitions were found in this design.

-------------------------------

=========================================================================
*                            Design Summary                             *
=========================================================================

Top Level Output File Name         : top_wrapper.ngc

Primitive and Black Box Usage:
------------------------------
# BELS                             : 2768
#      GND                         : 17
#      INV                         : 47
#      LUT1                        : 323
#      LUT2                        : 102
#      LUT3                        : 157
#      LUT4                        : 146
#      LUT5                        : 152
#      LUT6                        : 773
#      MUXCY                       : 646
#      MUXF7                       : 10
#      VCC                         : 17
#      XORCY                       : 378
# FlipFlops/Latches                : 3904
#      FD                          : 1303
#      FDC                         : 212
#      FDCE                        : 594
#      FDE                         : 1103
#      FDP                         : 2
#      FDPE                        : 1
#      FDR                         : 89
#      FDRE                        : 600
# RAMS                             : 465
#      RAM128X1D                   : 455
#      RAM32X1D                    : 10
# Shift Registers                  : 11
#      SRLC16E                     : 11
# Clock Buffers                    : 4
#      BUFG                        : 3
#      BUFGP                       : 1
# IO Buffers                       : 316
#      IBUF                        : 11
#      IBUFGDS                     : 1
#      OBUF                        : 304
# Others                           : 1
#      MMCM_ADV                    : 1

Device utilization summary:
---------------------------

Selected Device : 6vlx240tff1156-1 


Slice Logic Utilization: 
 Number of Slice Registers:            3904  out of  301440     1%  
 Number of Slice LUTs:                 3551  out of  150720     2%  
    Number used as Logic:              1700  out of  150720     1%  
    Number used as Memory:             1851  out of  58400     3%  
       Number used as RAM:             1840
       Number used as SRL:               11

Slice Logic Distribution: 
 Number of LUT Flip Flop pairs used:   6710
   Number with an unused Flip Flop:    2806  out of   6710    41%  
   Number with an unused LUT:          3159  out of   6710    47%  
   Number of fully used LUT-FF pairs:   745  out of   6710    11%  
   Number of unique control sets:        83

IO Utilization: 
 Number of IOs:                         371
 Number of bonded IOBs:                 316  out of    600    52%  

Specific Feature Utilization:
 Number of BUFG/BUFGCTRLs:                4  out of     32    12%  

---------------------------
Partition Resource Summary:
---------------------------

  No Partitions were found in this design.

---------------------------


=========================================================================
Timing Report

NOTE: THESE TIMING NUMBERS ARE ONLY A SYNTHESIS ESTIMATE.
      FOR ACCURATE TIMING INFORMATION PLEASE REFER TO THE TRACE REPORT
      GENERATED AFTER PLACE-and-ROUTE.

Clock Information:
------------------
-----------------------------------+------------------------+-------+
Clock Signal                       | Clock buffer(FF name)  | Load  |
-----------------------------------+------------------------+-------+
clk_200_p                          | MMCM_ADV:CLKOUT1       | 4233  |
phy_rx_clk                         | BUFGP                  | 147   |
-----------------------------------+------------------------+-------+

Asynchronous Control Signals Information:
----------------------------------------
No asynchronous control signals found in this design

Timing Summary:
---------------
Speed Grade: -1

   Minimum period: 4.007ns (Maximum Frequency: 249.594MHz)
   Minimum input arrival time before clock: 2.244ns
   Maximum output required time after clock: 0.836ns
   Maximum combinational path delay: 1.090ns

Timing Details:
---------------
All values displayed in nanoseconds (ns)

=========================================================================
Timing constraint: Default period analysis for Clock 'clk_200_p'
  Clock period: 4.007ns (frequency: 249.594MHz)
  Total number of paths / destination ports: 80429 / 10312
-------------------------------------------------------------------------
Delay:               4.007ns (Levels of Logic = 10)
  Source:            fp_num9_buffer_2 (FF)
  Destination:       fp_send_buffer_0 (FF)
  Source Clock:      clk_200_p rising
  Destination Clock: clk_200_p rising

  Data Path: fp_num9_buffer_2 to fp_send_buffer_0
                                Gate     Net
    Cell:in->out      fanout   Delay   Delay  Logical Name (Net Name)
    ----------------------------------------  ------------
     FDRE:C->Q             1   0.375   0.778  fp_num9_buffer_2 (fp_num9_buffer_2)
     LUT6:I0->O            1   0.068   0.000  Mcompar_fp_num9_buffer[15]_fp_num9[15]_not_equal_11_o_lut<0> (Mcompar_fp_num9_buffer[15]_fp_num9[15]_not_equal_11_o_lut<0>)
     MUXCY:S->O            1   0.290   0.000  Mcompar_fp_num9_buffer[15]_fp_num9[15]_not_equal_11_o_cy<0> (Mcompar_fp_num9_buffer[15]_fp_num9[15]_not_equal_11_o_cy<0>)
     MUXCY:CI->O           1   0.020   0.000  Mcompar_fp_num9_buffer[15]_fp_num9[15]_not_equal_11_o_cy<1> (Mcompar_fp_num9_buffer[15]_fp_num9[15]_not_equal_11_o_cy<1>)
     MUXCY:CI->O           1   0.020   0.000  Mcompar_fp_num9_buffer[15]_fp_num9[15]_not_equal_11_o_cy<2> (Mcompar_fp_num9_buffer[15]_fp_num9[15]_not_equal_11_o_cy<2>)
     MUXCY:CI->O           1   0.020   0.000  Mcompar_fp_num9_buffer[15]_fp_num9[15]_not_equal_11_o_cy<3> (Mcompar_fp_num9_buffer[15]_fp_num9[15]_not_equal_11_o_cy<3>)
     MUXCY:CI->O           1   0.020   0.000  Mcompar_fp_num9_buffer[15]_fp_num9[15]_not_equal_11_o_cy<4> (Mcompar_fp_num9_buffer[15]_fp_num9[15]_not_equal_11_o_cy<4>)
     MUXCY:CI->O          21   0.220   0.711  Mcompar_fp_num9_buffer[15]_fp_num9[15]_not_equal_11_o_cy<5> (fp_num9_buffer[15]_fp_num9[15]_not_equal_11_o)
     LUT6:I3->O            2   0.068   0.781  Mmux_fp_send_buffer[0]_fp_num17[0]_MUX_1337_o63 (Mmux_fp_send_buffer[0]_fp_num17[0]_MUX_1337_o64)
     LUT5:I0->O            1   0.068   0.491  Mmux_fp_send_buffer[0]_fp_num17[0]_MUX_1337_o68_SW1 (N8)
     LUT6:I4->O            1   0.068   0.000  Mmux_fp_send_buffer[0]_fp_num17[0]_MUX_1337_o69 (fp_send_buffer[0]_fp_num17[0]_MUX_1337_o)
     FDRE:D                    0.011          fp_send_buffer_0
    ----------------------------------------
    Total                      4.007ns (1.246ns logic, 2.761ns route)
                                       (31.1% logic, 68.9% route)

=========================================================================
Timing constraint: Default period analysis for Clock 'phy_rx_clk'
  Clock period: 3.050ns (frequency: 327.869MHz)
  Total number of paths / destination ports: 1040 / 323
-------------------------------------------------------------------------
Delay:               3.050ns (Levels of Logic = 4)
  Source:            inst_top/inst_mac/inst_async_fifo/o_wfull (FF)
  Destination:       inst_top/inst_mac/inst_async_fifo/o_wfull (FF)
  Source Clock:      phy_rx_clk rising
  Destination Clock: phy_rx_clk rising

  Data Path: inst_top/inst_mac/inst_async_fifo/o_wfull to inst_top/inst_mac/inst_async_fifo/o_wfull
                                Gate     Net
    Cell:in->out      fanout   Delay   Delay  Logical Name (Net Name)
    ----------------------------------------  ------------
     FDC:C->Q              9   0.375   0.544  o_wfull (o_wfull)
     LUT2:I0->O           14   0.068   0.576  i_wr_o_wfull_AND_29_o1 (i_wr_o_wfull_AND_29_o)
     LUT6:I4->O            2   0.068   0.781  wfull_next581 (wfull_next58)
     LUT6:I1->O            1   0.068   0.491  wfull_next52 (wfull_next53)
     LUT6:I4->O            1   0.068   0.000  wfull_next55 (wfull_next)
     FDC:D                     0.011          o_wfull
    ----------------------------------------
    Total                      3.050ns (0.658ns logic, 2.392ns route)
                                       (21.6% logic, 78.4% route)

=========================================================================
Timing constraint: Default OFFSET IN BEFORE for Clock 'clk_200_p'
  Total number of paths / destination ports: 1172 / 1171
-------------------------------------------------------------------------
Offset:              2.244ns (Levels of Logic = 4)
  Source:            reset_in (PAD)
  Destination:       buffer_logger_inst/inst_pkt_logger/in_data_buffer_0 (FF)
  Destination Clock: clk_200_p rising

  Data Path: reset_in to buffer_logger_inst/inst_pkt_logger/in_data_buffer_0
                                Gate     Net
    Cell:in->out      fanout   Delay   Delay  Logical Name (Net Name)
    ----------------------------------------  ------------
     IBUF:I->O             4   0.003   0.511  reset_in_IBUF (reset_in_IBUF)
     LUT2:I0->O           17   0.068   0.687  phy_rst_n1 (phy_rst_n_OBUF)
     begin scope: 'buffer_logger_inst:rst_n'
     begin scope: 'buffer_logger_inst/inst_pkt_logger:rst_n'
     LUT3:I0->O          455   0.068   0.644  _n0100_inv1 (_n0100_inv)
     FDE:CE                    0.263          in_data_buffer_0
    ----------------------------------------
    Total                      2.244ns (0.402ns logic, 1.842ns route)
                                       (17.9% logic, 82.1% route)

=========================================================================
Timing constraint: Default OFFSET IN BEFORE for Clock 'phy_rx_clk'
  Total number of paths / destination ports: 37 / 25
-------------------------------------------------------------------------
Offset:              2.026ns (Levels of Logic = 7)
  Source:            rxd<2> (PAD)
  Destination:       inst_top/inst_mac/inst_accumulator/state (FF)
  Destination Clock: phy_rx_clk rising

  Data Path: rxd<2> to inst_top/inst_mac/inst_accumulator/state
                                Gate     Net
    Cell:in->out      fanout   Delay   Delay  Logical Name (Net Name)
    ----------------------------------------  ------------
     IBUF:I->O             5   0.003   0.805  rxd_2_IBUF (rxd_2_IBUF)
     begin scope: 'inst_top:rxd<2>'
     begin scope: 'inst_top/inst_mac:rxd<2>'
     begin scope: 'inst_top/inst_mac/inst_accumulator:data_in<2>'
     begin scope: 'inst_top/inst_mac/inst_accumulator/inst_allignment:rxd<2>'
     LUT6:I0->O            1   0.068   0.000  collect_byte_wg_lut<10> (collect_byte_wg_lut<10>)
     MUXCY:S->O            1   0.490   0.581  collect_byte_wg_cy<10> (detected)
     end scope: 'inst_top/inst_mac/inst_accumulator/inst_allignment:detected'
     LUT3:I0->O            1   0.068   0.000  state_rstpot (state_rstpot)
     FDC:D                     0.011          state
    ----------------------------------------
    Total                      2.026ns (0.640ns logic, 1.386ns route)
                                       (31.6% logic, 68.4% route)

=========================================================================
Timing constraint: Default OFFSET OUT AFTER for Clock 'clk_200_p'
  Total number of paths / destination ports: 291 / 291
-------------------------------------------------------------------------
Offset:              0.836ns (Levels of Logic = 2)
  Source:            buffer_logger_inst/inst_async_fifo_buffer/o_rempty (FF)
  Destination:       speed (PAD)
  Source Clock:      clk_200_p rising

  Data Path: buffer_logger_inst/inst_async_fifo_buffer/o_rempty to speed
                                Gate     Net
    Cell:in->out      fanout   Delay   Delay  Logical Name (Net Name)
    ----------------------------------------  ------------
     FDP:C->Q             10   0.375   0.458  o_rempty (o_rempty)
     end scope: 'buffer_logger_inst/inst_async_fifo_buffer:o_rempty'
     end scope: 'buffer_logger_inst:empty'
     OBUF:I->O                 0.003          speed_OBUF (speed)
    ----------------------------------------
    Total                      0.836ns (0.378ns logic, 0.458ns route)
                                       (45.2% logic, 54.8% route)

=========================================================================
Timing constraint: Default path analysis
  Total number of paths / destination ports: 1 / 1
-------------------------------------------------------------------------
Delay:               1.090ns (Levels of Logic = 3)
  Source:            reset_in (PAD)
  Destination:       phy_rst_n (PAD)

  Data Path: reset_in to phy_rst_n
                                Gate     Net
    Cell:in->out      fanout   Delay   Delay  Logical Name (Net Name)
    ----------------------------------------  ------------
     IBUF:I->O             4   0.003   0.511  reset_in_IBUF (reset_in_IBUF)
     LUT2:I0->O           17   0.068   0.505  phy_rst_n1 (phy_rst_n_OBUF)
     OBUF:I->O                 0.003          phy_rst_n_OBUF (phy_rst_n)
    ----------------------------------------
    Total                      1.090ns (0.074ns logic, 1.016ns route)
                                       (6.8% logic, 93.2% route)

=========================================================================

Cross Clock Domains Report:
--------------------------

Clock to Setup on destination clock clk_200_p
---------------+---------+---------+---------+---------+
               | Src:Rise| Src:Fall| Src:Rise| Src:Fall|
Source Clock   |Dest:Rise|Dest:Rise|Dest:Fall|Dest:Fall|
---------------+---------+---------+---------+---------+
clk_200_p      |    4.007|         |         |         |
phy_rx_clk     |    1.675|         |         |         |
---------------+---------+---------+---------+---------+

Clock to Setup on destination clock phy_rx_clk
---------------+---------+---------+---------+---------+
               | Src:Rise| Src:Fall| Src:Rise| Src:Fall|
Source Clock   |Dest:Rise|Dest:Rise|Dest:Fall|Dest:Fall|
---------------+---------+---------+---------+---------+
clk_200_p      |    1.713|         |         |         |
phy_rx_clk     |    3.050|         |         |         |
---------------+---------+---------+---------+---------+

=========================================================================


Total REAL time to Xst completion: 26.00 secs
Total CPU time to Xst completion: 26.64 secs
 
--> 

Total memory usage is 313208 kilobytes

Number of errors   :    0 (   0 filtered)
Number of warnings : 1114 (   0 filtered)
Number of infos    :  109 (   0 filtered)

